Kp,Ki,Kd,IAE,Final Pitch,Max Overshoot
0.3,0.8,0.5,0.004663392550072212,0.024952489,0.043806998
0.5,0.8,0.5,0.0049282563785753,0.014799434,0.043864868
1.0,0.8,0.5,0.005117687187470076,0.031051656,0.035696536
0.8,0.9,0.5,0.005326362199642887,0.034426253,0.104891612
0.6,0.9,0.0,0.005370079627982842,0.001860499,0.07268482
0.4,0.1,0.5,0.005489338590366439,0.003949404,0.083408858
1.0,0.6,0.5,0.005497287519237638,0.049033031,0.074511271
0.5,1.0,0.0,0.00550182958573918,0.00118902,0.064008703
0.5,0.1,0.0,0.005558873885703059,0.003262075,0.068698996
0.5,0.5,0.0,0.0057099832083912574,0.003034231,0.064053395
0.5,0.0,0.5,0.005732463997608415,0.024715005,0.050152209
0.2,0.4,0.5,0.005803972115899239,0.024409248,0.144019133
0.4,0.9,0.5,0.005804359993566657,0.024440061,0.139313928
0.6,0.2,0.0,0.0058099385780662075,0.004683355,0.075567413
0.5,0.9,0.5,0.005879808891601956,0.028855135,0.154081891
0.8,0.6,0.5,0.005896351111562725,0.004725959,0.15489638
0.0,0.3,0.5,0.006085563043732599,0.058690649,0.058690649
0.6,0.1,0.5,0.006175475349167593,0.0048412,0.076385969
0.0,0.2,0.5,0.006183886918625315,0.030530536,0.100089149
0.3,0.9,0.5,0.006259770211207196,0.02660768,0.110467261
0.1,1.0,0.5,0.006485427696864514,0.004239088,0.168864238
0.6,0.8,0.0,0.00650897824385603,0.141017389,0.141017389
0.0,0.9,0.5,0.006540352163311774,0.015962037,0.139639009
0.5,0.7,0.0,0.006577092010637547,0.000408241,0.050352143
0.7,0.3,0.0,0.007090593258415384,0.007045582,0.061083077
0.9,1.0,0.4,0.007499750774614259,0.020300097,0.140116308
0.1,0.9,0.5,0.007566591245695199,0.030665903,0.180207015
0.0,0.0,0.5,0.007974944596748267,0.000793195,0.160365522
0.9,0.6,0.4,0.00798347485293706,0.012885565,0.140443469
0.6,0.6,0.8,0.008067683387222543,0.001570419,0.105511577
0.6,0.5,0.6,0.008352566697346044,0.029657856,0.131105411
0.3,0.0,0.8,0.008484902628059773,0.022926836,0.18278652
0.3,0.8,0.6,0.009084502607029771,0.039750295,0.159076355
0.4,0.8,1.0,0.00941500056110388,0.016329719,0.132035384
0.4,0.8,0.5,0.009811466514197177,0.088773602,0.155482117
1.0,0.9,0.5,0.010095014469941556,0.146520287,0.149924365
0.8,0.7,0.4,0.010098676204381884,0.015913889,0.17685946
0.8,1.0,0.5,0.010326845236699073,0.025821998,0.234883509
0.0,0.4,0.3,0.010596626624847689,0.041554523,0.164859637
1.0,0.5,0.5,0.01075227228034676,0.163705406,0.163705406
0.2,0.8,0.5,0.010773242406774422,0.023153595,0.178427462
0.5,0.9,1.0,0.010857415524733452,0.042254062,0.142961498
0.0,0.5,0.4,0.011307840500676887,0.012527529,0.173613977
0.1,0.4,0.4,0.011484029844823924,0.032768229,0.149999399
0.7,0.1,1.0,0.01154613552110215,0.242615262,0.248431076
0.0,1.0,1.0,0.011650578836094442,0.008228926,0.144158497
0.7,1.0,0.5,0.011661827867593325,0.008942991,0.15825226
0.5,0.3,0.5,0.011970220908793905,0.198681757,0.198681757
0.9,0.1,0.4,0.012015090055506784,0.021724315,0.172082391
0.3,1.0,0.4,0.01204775714678876,0.129677654,0.188172457
0.4,0.9,0.4,0.012048879994839026,0.149608909,0.149608909
0.9,0.7,0.4,0.012404285261753885,0.082119778,0.173087083
0.7,0.9,0.4,0.01247248548654141,0.019163122,0.192522594
0.6,0.5,0.5,0.01278750564435567,0.396944035,0.442441429
0.4,0.5,0.4,0.01284126798608954,0.026497514,0.194237171
0.0,0.7,0.4,0.012921494306411395,0.043286832,0.144906276
0.6,0.9,0.4,0.012932363115260212,0.029691308,0.194709134
0.6,0.3,0.4,0.012982192834247763,0.027124883,0.163988291
0.2,0.9,0.4,0.013014710139899488,0.01015373,0.178965977
0.0,1.0,0.8,0.013018739349038766,0.116887892,0.15208
0.3,0.3,0.6,0.013061638230102486,0.011943819,0.066261612
0.8,0.1,0.4,0.013098374375967026,0.031092494,0.194897424
0.1,0.3,0.5,0.013140935921961906,0.04928637,0.119661762
0.4,0.4,0.4,0.013234959828741375,0.0193897,0.19041155
1.0,0.3,0.4,0.013263307819146967,0.025894588,0.195259375
0.5,0.7,0.4,0.013288307027899546,0.22323626,0.22323626
0.3,0.1,0.4,0.013646341136791385,0.103707153,0.173120935
1.0,1.0,0.4,0.01368193294846507,0.029713044,0.175500827
0.0,0.6,0.4,0.01382711107963111,0.082161263,0.162990989
0.1,0.1,0.5,0.013827948837089156,0.041844033,0.540338086
0.9,0.3,0.4,0.013834420276664825,0.101551939,0.175411541
0.5,0.1,0.4,0.013846793423676925,0.036667604,0.191467108
0.9,0.5,0.4,0.013913839935071939,0.146454402,0.183913872
0.1,0.0,0.4,0.014076904199116006,0.037611402,0.184594829
0.3,0.8,0.4,0.014093478055333121,0.146871075,0.179681404
0.4,0.0,0.2,0.01413994524916169,0.003692708,0.181261941
0.5,0.2,0.5,0.01453957968381484,0.244692432,0.244692432
0.4,0.1,0.4,0.014577378723523061,0.03705826,0.197335175
0.7,0.3,0.4,0.01459516205474661,0.038555877,0.197097635
0.1,0.2,0.4,0.014772228699382418,0.029809159,0.204931573
0.4,1.0,0.4,0.01482977549733386,0.044402781,0.18995725
0.5,1.0,0.4,0.015037024294931915,0.046062457,0.189285377
0.5,0.9,0.3,0.015164082255577539,0.038246007,0.222231033
0.7,1.0,0.4,0.015180563537691281,0.043032562,0.183981119
0.5,0.4,0.4,0.016027129180337198,0.052783397,0.163655341
0.6,0.2,0.5,0.016036754836162907,0.067528351,0.204482986
0.7,0.0,0.4,0.016151134016646366,0.030918043,0.170886264
0.2,0.4,0.4,0.01617329625989714,0.067156336,0.191585548
0.4,0.6,0.4,0.016219690848593447,0.333447486,0.333447486
0.1,0.1,0.4,0.01622574722292336,0.194733278,0.194733278
0.1,0.6,0.8,0.01627286472574583,0.035516086,0.539428398
0.9,0.4,0.4,0.016401233620399063,0.056049841,0.158115764
0.3,0.9,0.4,0.01640518040729654,0.032543853,0.170742096
0.0,0.8,0.4,0.01646641773951264,0.030051125,0.160140143
0.5,0.8,0.4,0.017121665748450653,0.069535155,0.163846259
0.1,0.4,0.2,0.017324472474428015,0.036068284,0.382422037
0.8,1.0,0.7,0.01733533162688946,0.016722287,0.154134435
0.6,0.8,0.3,0.017429641809788284,0.047009127,0.259234305
0.1,0.8,0.4,0.017487481896624666,0.303377237,0.303377237
0.4,0.3,0.4,0.01784129896519645,0.078160013,0.234804653
0.1,0.9,0.4,0.01786716343207279,0.078377173,0.225328075
0.3,0.7,0.4,0.01794352080746247,0.078841263,0.236147429
0.0,0.0,0.6,0.01805110501571136,0.081573491,0.081573491
0.9,0.4,0.5,0.018199046304009956,0.189208525,0.189208525
0.3,0.1,0.5,0.01833146463945327,0.071621287,0.226729455
0.6,0.4,0.9,0.018393987849622193,0.066615616,0.182901337
0.9,1.0,1.0,0.01871460697531911,0.137143559,0.274534293
0.3,0.7,0.5,0.01872014043560836,0.168712872,0.168712872
0.5,0.7,1.0,0.01875573198843556,0.067127962,0.190129693
0.5,0.2,0.4,0.018930511307601466,0.067881548,0.190040674
0.2,1.0,0.7,0.019006339787265413,0.153359549,0.204743697
0.7,0.0,0.6,0.019237728469388825,0.054993251,0.248606872
0.6,0.6,0.4,0.0193782324996294,0.000107575,0.436280153
0.3,0.2,1.0,0.019604990276595975,0.100046989,0.255317678
1.0,0.2,0.2,0.020348430885585734,0.063134226,0.405688584
0.7,0.7,0.8,0.020527122995209784,0.022218715,0.338318994
0.0,0.2,0.9,0.021018756724228527,0.052151612,0.243007509
0.7,0.0,0.8,0.021095855845602182,0.08056107,0.227134526
0.1,0.7,0.5,0.021107381958328453,0.078179234,0.144328069
0.8,0.5,0.4,0.021161914274680293,0.210908119,0.319239863
0.5,0.0,0.4,0.021467891673634384,0.054315959,0.181393715
0.8,0.7,0.1,0.021761082812618637,0.07542833,0.278592399
0.3,0.2,0.7,0.02178840021175271,0.073208887,0.180603927
0.2,0.0,0.8,0.021923503393618735,0.074196496,0.352631455
0.0,0.7,0.2,0.02193854421639798,0.049452983,0.261520724
0.1,0.7,0.1,0.02212296127513792,0.157425379,0.324916179
0.1,0.1,0.1,0.02226737461843586,0.051392328,0.377211575
0.0,0.1,0.2,0.022412985607897225,0.117831742,0.214764655
0.1,1.0,0.1,0.02248399621134623,0.078688965,0.372020365
0.6,0.3,0.9,0.022579305600245174,0.013015201,0.203470182
0.3,1.0,0.1,0.02272047142242376,0.091358126,0.300256582
0.8,0.2,0.4,0.022776704191593666,0.258468023,0.258468023
0.5,0.4,0.8,0.02298520245217991,0.053159773,0.220495034
0.2,0.0,0.9,0.023062272992288302,0.149202533,0.317175679
0.6,0.4,0.8,0.02333135440662165,0.069629105,0.266963371
0.9,0.2,0.2,0.02333830898214101,0.065256605,0.280536391
0.0,0.2,1.0,0.023402682663080272,0.032340181,0.227940828
0.3,0.1,0.9,0.0236093907962001,0.066557904,0.277524294
0.0,0.0,0.4,0.023813806642064683,0.114192193,0.210983041
0.0,0.8,0.5,0.024034155699699442,0.390570347,0.390570347
0.5,0.7,0.8,0.024419943392800365,0.057248851,0.299742273
0.4,0.3,1.0,0.02485298238082625,0.006382738,0.150350593
0.2,0.5,0.7,0.02497047925170992,0.016416514,0.248303416
0.9,0.9,0.4,0.02507280650220078,0.358372766,0.393926186
0.1,0.7,0.4,0.02514135502061779,0.218418145,0.41671056
0.9,0.5,0.2,0.025156968399751196,0.092568314,0.221496711
0.2,0.0,1.0,0.025188916669166027,0.029807279,0.239144105
0.6,0.2,0.1,0.025247510281802863,0.103362504,0.173749787
0.9,1.0,0.6,0.02528673660121582,0.212583615,0.336045976
0.9,0.8,0.1,0.025330842885736508,0.084788348,0.335336761
0.5,0.6,0.2,0.025598412270828774,0.030558971,0.369873062
0.9,0.4,0.1,0.0256078056463553,0.075555547,0.228376394
0.8,0.1,1.0,0.025790249846614044,0.04307016,0.23245955
0.3,0.8,0.1,0.02582103400489126,0.104380362,0.484808119
0.7,0.6,0.3,0.025838823452559116,0.078761621,0.235241764
0.9,0.7,0.6,0.025883744852690842,0.140145181,0.39281987
0.7,0.7,1.0,0.026013386573443955,0.036220349,0.31275648
0.9,0.5,0.7,0.02602615518479056,0.026839658,0.474110251
0.5,0.8,1.0,0.02605436250591755,0.130340584,0.24147427
0.7,0.8,0.8,0.026311097476681863,0.018656461,0.215898738
1.0,0.7,0.6,0.02675717327410221,0.059895829,0.288003011
0.4,0.5,0.2,0.026780953714809787,0.017714921,0.552466771
0.1,0.0,0.1,0.026908589805485793,0.098609683,0.468868799
0.9,0.6,0.7,0.026951873496752345,0.00466786,0.341556232
0.0,0.1,0.5,0.02741039365425745,0.217257094,0.277873794
0.2,0.1,0.4,0.027832441295849077,0.052596399,0.322196194
0.1,0.3,1.0,0.027984116527145386,0.195391626,0.471541928
0.3,0.7,1.0,0.028149695161936373,0.130703972,0.160808505
0.0,1.0,0.2,0.028213452905160526,0.141140486,0.245860004
0.6,0.4,0.0,0.028504704201024345,0.587370246,0.600315395
0.7,0.3,1.0,0.028508492161508338,0.012753138,0.541719109
0.6,0.8,0.1,0.028717943289578555,0.084476978,0.440251511
0.7,0.9,0.6,0.028856672064634294,0.112717642,0.47786197
0.3,0.9,0.2,0.029014448728783674,0.090626022,0.272687761
0.8,0.4,0.2,0.029282270040106983,0.114524568,0.361122296
0.2,0.5,0.9,0.029338311327572416,0.11589924,0.305334517
0.6,1.0,0.2,0.02937010301164795,0.096864528,0.275191598
0.6,0.6,0.0,0.029666174225834015,0.49758595,0.49758595
1.0,0.7,0.5,0.029839071533508878,0.090135918,0.645397484
0.4,0.7,0.4,0.03000362517648203,0.076493604,0.325022291
0.5,0.3,1.0,0.030470718396913916,0.026404463,0.206061852
0.6,0.3,1.0,0.030511493850681092,0.683170075,0.683170075
0.1,0.9,0.2,0.030761334164715687,0.038102087,0.203611634
0.4,0.4,0.5,0.030784666719690046,0.108873477,0.493630729
0.7,0.0,0.9,0.03099870423528461,0.072125306,0.346356524
0.6,0.1,0.8,0.03107319111088163,0.212840513,0.61338867
0.3,0.2,0.1,0.031079731536589873,0.084366154,0.422180007
0.2,0.8,0.9,0.031432353372896724,0.01231062,0.305265426
0.8,0.4,0.3,0.031438373434846865,0.039810274,0.560964477
0.5,0.7,0.9,0.031529683561514,0.006578345,0.190774158
0.3,0.5,0.5,0.031587412886121276,0.041791007,0.743879137
0.1,0.6,0.1,0.03176966874387049,0.04493152,0.214924903
0.4,0.1,1.0,0.031809801022098606,0.166192206,0.244429992
0.8,0.5,0.9,0.03188586612181172,0.018741004,0.209948365
0.3,0.4,0.9,0.031925630072995086,0.074723381,0.425355194
0.7,0.3,0.7,0.03207424025589271,0.118491494,0.60837906
0.2,0.5,0.4,0.03212421149430514,0.13803472,0.220565651
0.7,1.0,0.9,0.032129481832198416,0.009716025,0.527717855
0.5,0.2,1.0,0.03215176215567417,0.188181354,0.408627663
0.9,0.2,0.1,0.03228130553112766,0.134526786,0.253277058
0.3,0.4,0.2,0.03239833069830867,0.086516878,0.595541593
0.3,0.3,0.5,0.03249033707066271,0.117942217,1.077580857
0.2,0.1,0.1,0.03257551998227112,0.18868734,0.303718577
0.0,0.3,0.4,0.03261152389860742,0.25286878,0.321493931
0.1,0.8,1.0,0.0329205442448208,0.15946008,0.461636998
0.6,0.8,1.0,0.03297027829013754,0.147483618,0.625509471
0.3,0.6,0.5,0.033011980341582536,0.10492738,0.851421252
0.6,0.5,0.3,0.0332381988441751,0.198316628,0.303667424
0.5,0.5,0.2,0.033264658003092744,0.082333246,0.469442934
0.6,0.5,0.0,0.03327185844153489,0.728343483,0.788873702
1.0,0.0,0.5,0.033317256933997626,0.058913379,0.739959928
0.6,0.7,0.0,0.03333997023820556,0.523607882,0.644792298
0.8,0.9,0.2,0.033343070443849536,0.034022308,0.372794471
0.1,0.5,0.9,0.03334315768789564,0.088124298,0.693381446
0.8,0.7,1.0,0.03343026896798573,0.436101436,0.436101436
0.0,0.3,0.2,0.033431163921808144,0.18399705,0.238500601
0.4,0.4,0.3,0.033816234699116106,0.053674434,0.177296409
0.3,0.1,0.7,0.03404765202244724,0.40510936,0.456998529
0.7,0.5,0.4,0.03407804856027356,0.350870524,0.662717142
1.0,0.5,0.7,0.034159045962998194,0.107899281,0.237807752
0.1,0.7,0.9,0.0341596293388324,0.087056811,0.310242064
0.6,0.1,0.2,0.03446833417007294,0.054446015,0.63255645
0.4,0.7,0.1,0.034492093717008294,0.116074552,0.205581616
0.4,0.1,0.1,0.034677919012450445,0.127348847,0.538705955
0.7,0.4,0.8,0.034700056944426065,0.071751909,0.360940202
0.6,0.8,0.5,0.0351685383261516,0.020738703,0.331003083
0.0,1.0,0.1,0.03526484244148907,0.073843042,1.224340846
0.9,0.7,0.1,0.03536796269651796,0.053928297,0.826132376
1.0,0.9,0.9,0.03558821295132335,0.026441119,0.413569947
0.2,1.0,0.9,0.0357824857138206,0.018632053,0.605771158
0.3,0.2,0.5,0.035842107171186646,0.572668341,0.572668341
0.8,0.6,0.6,0.03592124367675422,0.221607088,0.477743955
0.2,1.0,0.2,0.035942424457857385,0.092759865,0.554641453
0.6,0.3,0.0,0.03606949460738362,0.588215231,0.792930555
0.8,0.9,0.8,0.036072718052942564,0.226584133,0.271536909
0.0,0.6,0.1,0.036075226668648444,0.127488406,0.539850661
0.4,1.0,0.6,0.03621298864051865,0.22130078,0.404543858
0.0,0.4,0.6,0.036291416486343556,0.277567607,0.530365099
1.0,0.8,0.6,0.03645702040512089,0.054703628,0.535510077
0.7,0.4,0.2,0.03657362760079117,0.236501394,0.26531024
0.9,0.4,0.3,0.03690866481048357,0.113308879,0.293293485
0.1,0.0,1.0,0.03700869965829593,0.019605344,0.315542045
0.6,1.0,0.9,0.037040749073526225,0.012378385,0.446803537
0.1,0.2,1.0,0.03709186256192351,0.051060664,0.461383923
0.0,0.8,0.9,0.0370953477714208,0.063954335,0.23083122
1.0,0.2,0.5,0.03727434858507266,0.080605941,0.375300539
0.5,0.1,0.5,0.037302005358110804,0.095363072,0.628214549
0.1,0.2,0.3,0.037330323823805925,0.282122414,0.609020584
0.1,0.9,0.6,0.03733691419132381,0.166193927,0.706662601
0.2,0.3,0.2,0.037423471360583695,0.113600575,0.40191201
0.4,0.1,0.7,0.03757848346424183,0.122450332,0.240954926
0.0,0.7,1.0,0.03792639971511808,0.473816437,0.54427847
0.6,0.0,0.5,0.038119511847417714,0.1311116,0.739157585
0.7,0.1,0.9,0.03828928635319831,0.068727003,0.549392035
0.3,0.7,0.8,0.03843156383159207,0.031569907,0.342134417
0.2,0.8,0.4,0.03853735751677259,0.082003692,0.240245875
0.6,0.1,0.9,0.03862986838307955,0.616054632,0.695061366
0.4,0.1,0.2,0.038654173572540355,0.233376027,0.241977523
0.8,0.3,0.2,0.03881193963237495,0.076298161,0.881892684
0.1,0.2,0.2,0.03890953604370972,0.02496606,0.53525616
0.0,0.5,0.3,0.0390937273189442,0.090766875,0.283881846
0.2,0.3,0.9,0.039259350802026645,0.146849765,0.381073215
0.7,1.0,0.1,0.0393063101071348,0.150970647,0.520107843
0.1,0.5,0.1,0.03931885016296976,0.080719843,0.332004957
0.9,0.4,0.7,0.0393233553872039,0.137000819,0.245687296
0.1,0.5,0.4,0.03934573153786131,0.090987616,0.27698975
1.0,0.3,0.5,0.03963269058891863,0.836226801,0.89261288
0.3,1.0,0.9,0.03989400791332299,0.068670244,0.269132937
0.7,0.8,1.0,0.04013744334813941,0.353115512,0.426216321
0.2,0.6,0.5,0.040168972784057844,0.814893776,0.827323997
0.7,0.9,0.9,0.040432267916207416,0.051348563,0.2473612
0.2,0.0,0.7,0.0404849249986873,0.105965265,0.402162208
0.0,0.5,1.0,0.040607200950871704,0.045687488,0.506821725
0.5,1.0,0.9,0.04064210537482372,0.66871565,0.66871565
0.0,0.2,0.1,0.04071215994840696,0.24954053,0.408787034
0.2,0.0,0.4,0.04089276897303744,0.798676908,0.873420772
0.5,0.4,0.9,0.04095176802630163,0.102842805,0.499937958
1.0,1.0,0.1,0.04110299690343153,0.103030815,0.495665211
0.8,1.0,0.2,0.04110849459518517,0.287171354,0.287171354
0.2,0.3,1.0,0.041164364784822965,0.061776491,0.396482114
0.0,0.3,0.3,0.04122852231256187,0.077048885,0.268179916
1.0,0.2,0.6,0.04153315397060962,0.021386661,0.540342326
0.1,0.7,0.3,0.04165069371286186,0.00578533,0.358463465
0.8,0.3,1.0,0.04201837531572284,0.021991572,0.240128689
0.5,0.6,0.6,0.04225736749708584,0.192294789,0.338427511
0.2,0.5,1.0,0.04233220426211834,0.067388948,1.081392021
0.9,0.9,0.6,0.042532883971638485,0.05283516,0.542506504
0.4,0.9,1.0,0.04268836396444748,0.204740493,0.276058618
0.6,0.9,0.3,0.0427541030932208,0.030907575,0.848705455
1.0,0.4,0.5,0.04281445949472703,0.147585553,0.880612442
0.0,0.0,1.0,0.04316793980984371,0.060383126,0.395415084
0.9,1.0,0.5,0.04354579630029707,0.000623459,0.774485182
0.0,1.0,0.7,0.04379887988410863,0.155729685,0.252689838
0.4,0.3,0.1,0.04382612325061814,0.282117282,0.889005026
1.0,0.9,0.1,0.043907610844114486,0.133696748,0.807275894
0.8,0.9,0.1,0.04407097827700196,0.042737862,1.019118465
0.2,0.1,0.5,0.04433288541499082,0.086190336,0.396667356
0.8,0.6,0.4,0.04446266728812872,0.07226835,1.024324731
0.1,0.7,1.0,0.04481666832738569,0.524950516,0.524950516
0.2,0.3,0.5,0.044817653365957714,0.903807128,0.903807128
0.4,0.2,0.2,0.044901245528882486,0.252537676,0.36313366
0.8,0.8,0.5,0.044970229814508066,0.05744292,0.349316003
0.6,0.9,0.5,0.04520017848719473,0.595503761,0.622189294
0.2,0.4,0.7,0.04529734006356583,0.681151798,0.681151798
0.9,0.3,0.2,0.045567228421698316,0.598164387,0.598873822
0.8,0.3,0.7,0.04560806215435893,0.166638749,0.255462303
0.6,0.6,1.0,0.04572460579254126,0.106849208,0.583522566
0.8,0.4,0.7,0.045837704427894435,0.099407311,0.312626391
0.5,0.5,0.9,0.04584630026730592,0.074194881,0.361925617
0.8,0.7,0.2,0.045991161109064295,0.028312369,0.891020878
1.0,0.0,0.9,0.046195903849590006,0.256480144,0.779057442
0.4,0.0,0.5,0.046308043480546096,0.015319347,0.4229025
0.6,0.1,0.3,0.04639449232119749,0.059712733,0.277805264
0.1,0.1,0.8,0.04673584800539164,0.322933975,0.322933975
0.8,0.4,0.5,0.04700101385364494,0.24694447,0.496406757
0.2,0.9,0.9,0.04700280632613051,0.393381424,0.439911014
0.6,0.6,0.7,0.047149148143222616,0.442704893,0.442704893
0.9,0.7,0.5,0.047205093968411556,0.485654241,0.485654241
0.0,0.1,0.4,0.04725627350860658,0.180991407,1.04541067
1.0,0.6,0.9,0.04741301071813752,0.252160523,0.778448402
0.7,0.9,1.0,0.0476547013949127,0.395515725,0.442059475
0.0,0.1,0.0,0.04800870681235194,0.954041769,0.954041769
0.0,0.8,0.6,0.048436643874701084,0.093225039,0.292049257
0.4,0.4,0.9,0.04857139288657295,0.054256398,0.340517534
0.5,0.9,0.0,0.048655888118590646,0.508977541,0.754618956
0.9,0.7,0.3,0.04916746601321826,0.001255044,0.412077374
0.0,0.4,1.0,0.04946370164024784,0.104702325,0.641972704
0.7,1.0,1.0,0.049495103232789876,0.016072476,0.323578927
0.8,0.5,1.0,0.0495079875927344,0.01434652,0.84930513
0.0,0.0,0.0,0.04953133212843448,1.039177645,1.039177645
0.0,0.3,0.0,0.0496313055887717,1.014940353,1.014940353
0.0,0.4,0.0,0.049652935166038914,1.012910096,1.012910096
0.2,0.8,1.0,0.04967664501129157,0.103993863,0.643242661
0.0,0.2,0.0,0.04972193324419685,1.042000426,1.042000426
0.4,0.3,0.2,0.04975924769593798,0.693428872,0.709056136
0.6,0.9,0.8,0.05000565560450256,0.508492966,0.762829298
0.4,1.0,0.3,0.05024364014853864,0.380406114,0.698927948
1.0,0.0,0.4,0.050288966768805204,0.495324661,0.658269845
0.8,0.3,0.1,0.05048918433044059,0.099174714,0.349178558
0.4,0.4,0.6,0.05086180566132965,0.097100116,0.29891561
0.8,0.8,0.2,0.050924304469730765,0.23741893,0.302881925
0.0,0.5,0.0,0.05101649418792428,1.046248145,1.046248145
1.0,0.2,1.0,0.05109095796140535,0.471827527,0.50947266
0.0,0.6,0.0,0.05138053357232671,1.048592256,1.048592256
0.3,1.0,1.0,0.05173882068892821,0.203477669,0.494879783
0.9,0.2,0.3,0.05175280468709057,0.001710994,0.955425998
0.0,0.9,1.0,0.05190479430455975,0.14169513,1.06630043
0.6,0.2,0.7,0.052179213571636324,0.196282206,0.26842992
0.0,0.7,0.0,0.05226344930559058,1.048266962,1.048266962
0.7,0.7,0.5,0.05272900286670198,0.20527471,0.39629451
0.2,0.2,0.6,0.052775426104617745,0.436040165,0.442182419
0.8,0.3,0.4,0.052828302712965826,0.198957638,1.03459158
0.7,0.6,0.4,0.052839485900421944,0.035018863,1.079110752
0.4,0.6,0.3,0.0528504556435188,0.04609088,0.408275823
0.0,1.0,0.0,0.052976755291679604,1.107756626,1.107756626
0.6,0.2,0.4,0.05312170582224351,0.161581,0.792230159
0.2,0.1,0.3,0.053152944104681514,0.016531987,0.231774448
0.8,0.2,0.5,0.05315840687012284,0.792739693,0.812391159
0.0,0.8,0.0,0.05328128473139967,1.107505118,1.107505118
0.4,0.8,0.4,0.053361669355295537,0.26411916,0.334957094
0.3,0.0,0.1,0.05347912444635099,0.037522929,0.955504986
0.1,0.3,0.1,0.053670640399250694,0.102924562,0.664194161
0.0,0.9,0.0,0.05368064255914256,1.105405589,1.105405589
0.2,0.7,0.5,0.053698263720945646,0.29754364,0.606448691
1.0,0.2,0.3,0.053741410238097406,0.152957768,0.418501289
0.9,0.8,0.6,0.05382177240684489,0.005172884,0.423664485
0.9,0.7,1.0,0.05424755862915475,0.472153216,0.632862416
0.2,1.0,0.5,0.05465333800305421,0.301219458,0.609949384
0.0,0.9,0.3,0.054750765161701104,0.049686663,0.926673611
0.3,0.6,0.1,0.05475267028925633,0.019711955,1.031494213
0.6,0.1,1.0,0.05478035686969298,0.050660354,0.945061341
0.2,0.8,0.1,0.05504377513222908,0.045795975,0.459814207
0.4,0.2,0.1,0.05506335969279963,0.056281777,0.466713646
0.9,0.4,0.6,0.055190687239450406,0.16883544,0.70321423
0.1,0.3,0.2,0.055213992743580034,0.119454223,0.96419767
0.4,0.7,0.0,0.05532336563761417,0.467233944,0.713964908
1.0,0.6,0.0,0.055371935554392064,0.31195463,0.426717434
0.8,0.8,0.8,0.055594531112382946,0.085084786,0.779152275
0.0,0.9,0.4,0.055688037896915656,0.065786098,1.081590464
0.8,1.0,1.0,0.05601488964918189,0.598328615,0.598328615
0.8,0.9,0.4,0.05620060486286063,1.072976185,1.072976185
1.0,0.9,0.4,0.05620600423875214,0.049405194,0.92587285
0.6,0.4,0.6,0.056570278942614946,0.172216448,0.370325678
1.0,0.2,0.4,0.05659561264218595,0.155852813,0.786038593
0.5,0.9,0.1,0.05677928167149476,0.160576107,1.012065049
0.4,0.3,0.3,0.05701047494336483,0.102916341,0.577457462
0.9,0.6,0.6,0.05701194706542395,0.115504575,0.379980354
0.5,0.3,0.0,0.057025462877714594,0.229100316,0.736789695
0.1,0.2,0.6,0.05739572900870479,0.117052021,0.385212616
0.6,0.2,0.3,0.05746913746483611,0.025868038,0.923909929
0.4,1.0,0.1,0.057615529578546446,0.111083999,0.639196759
1.0,1.0,0.6,0.057901066466183065,0.120306324,0.375430388
0.0,0.2,0.2,0.05796723979173803,0.11556112,0.949063644
0.2,0.0,0.6,0.05811340414022754,0.11913147,0.387009086
0.8,0.1,0.0,0.05818947857318883,0.092574151,0.851142793
0.6,0.1,0.1,0.05822867101029865,0.613301949,0.869523311
0.3,0.3,0.4,0.05847694961158445,0.154991704,1.036897316
0.9,0.3,0.6,0.05853370719366455,0.121207909,0.384785155
0.3,0.4,0.7,0.05853682973957313,0.229690869,0.285022496
0.7,0.1,0.6,0.05854777808720887,0.122769447,0.378496724
0.3,0.9,0.6,0.05863532628972625,0.122644301,0.381093913
0.7,0.2,0.1,0.059006062250974316,0.149265276,0.412695509
0.9,0.8,0.2,0.05913514942312517,0.377480194,0.606667207
0.6,0.3,0.3,0.059299410042892756,0.11273874,0.351930747
0.6,1.0,1.0,0.0593412413233464,0.73866008,0.73866008
0.4,0.0,1.0,0.059368799297380564,0.661789307,0.661789307
0.8,0.4,0.4,0.05942895313422957,1.135771342,1.135771342
0.9,0.4,0.0,0.05959767190113791,0.029067843,1.497236885
0.9,0.6,1.0,0.05969817451500138,0.116342956,1.184244282
0.7,0.9,0.2,0.0598382410703375,0.404147316,0.404147316
0.7,1.0,0.3,0.05986903964786297,0.036618186,0.656625637
0.0,0.5,0.8,0.059956152258565217,0.359355939,0.68416458
0.7,0.2,0.0,0.05997330826335076,0.002458139,0.863507162
0.4,0.6,1.0,0.06013110414276305,0.341897027,1.192754835
0.1,0.4,0.5,0.06044507696444745,0.528471887,0.528471887
0.7,0.2,0.6,0.0604504635833264,0.130784546,0.378691106
1.0,0.6,0.3,0.060494336018636095,0.004770405,0.606021798
1.0,0.5,0.3,0.06097528278014718,0.07495054,0.969613793
0.9,0.9,0.3,0.06107673366657745,0.074764093,0.974730052
0.5,0.9,0.6,0.06107891191209487,0.134256795,0.376975786
0.6,0.0,0.1,0.061104909228949886,0.229539936,0.741711424
1.0,0.3,0.3,0.06113639268307603,0.068929546,0.996334485
0.0,0.1,0.6,0.06115696071662712,0.408688945,0.408688945
0.9,0.6,0.3,0.06119691917622049,0.073058552,0.983844937
0.2,0.5,0.6,0.06123959872571095,0.136559148,0.372560777
0.8,1.0,0.3,0.061276843028267976,0.076848942,0.964460515
0.9,0.9,0.0,0.061352076353680826,0.194633749,0.480781707
0.2,0.1,0.6,0.061377785287853565,0.136562848,0.374535297
0.9,1.0,0.2,0.06157143107550063,0.609925756,0.609925756
0.0,0.8,0.1,0.06162529369517608,0.363342654,0.649909039
0.6,1.0,0.7,0.06163193475599112,0.101187588,0.313016065
0.3,0.6,0.3,0.06173427653120806,0.076168046,0.964357818
0.8,0.0,0.3,0.06185993691037256,0.079782623,0.918896621
0.5,0.7,0.6,0.06189362006478457,0.417436988,0.426553043
0.4,0.8,0.3,0.06194620608711351,0.173719975,0.969815453
0.2,0.6,1.0,0.06198533280604905,0.094514078,0.529850278
0.2,1.0,0.3,0.06215487106562512,0.076305205,0.982743191
0.3,0.2,0.9,0.06221207171666057,0.390464002,0.421712058
0.5,0.0,1.0,0.06226641468137913,0.466719103,0.466719103
0.0,0.2,0.3,0.06252340690618026,0.075911885,0.989725676
0.4,0.0,0.9,0.06265565705073485,0.140786477,0.90900132
0.5,0.7,0.2,0.06275686044040281,0.15416237,1.143029138
0.2,0.5,0.1,0.06275997974320391,0.184677121,0.585953506
0.8,0.0,0.8,0.06287489293495299,0.030326807,0.564100517
0.9,0.6,0.2,0.06291587902874914,0.242133134,0.836463541
0.1,1.0,0.3,0.06292256896271137,0.109800881,1.014232203
0.8,1.0,0.0,0.0629840651038986,0.016185943,0.750271233
0.6,0.3,0.5,0.06307995972310923,0.332684491,0.483310477
0.3,0.5,0.1,0.06323929392177491,0.208097276,0.872001865
0.6,0.8,0.4,0.06347686146480729,0.221745741,0.806091893
0.2,0.4,0.2,0.06350147223108359,0.096151289,0.525819184
0.0,0.7,0.3,0.06372517359402347,0.706090324,0.706090324
1.0,0.9,1.0,0.06373097499669024,0.128173911,1.393806766
0.9,0.3,1.0,0.06386535057671433,0.483048799,0.591401115
0.8,0.0,0.2,0.06395091260505555,0.098881163,0.688534078
0.5,0.2,0.0,0.06399890262657623,0.046906209,0.802514721
0.8,0.7,0.6,0.06407823126579949,0.263513612,0.459588006
0.8,0.9,0.0,0.0641020909281664,0.047320807,0.67376719
0.7,0.0,0.1,0.06410895225124734,0.143705504,0.98587603
0.8,0.9,0.6,0.06419050422841151,0.161727415,0.35576744
0.3,0.0,0.3,0.06453221400798888,0.178301297,0.940661803
0.5,0.3,0.3,0.06459418857132773,0.182428373,0.9365996
0.3,0.6,0.2,0.06480440472003682,0.628803753,0.628803753
0.2,0.8,0.3,0.06480734670388762,0.178631167,0.933258293
0.3,0.1,0.1,0.0648381474793895,0.116050503,0.964391549
1.0,0.1,0.7,0.06490935869232793,0.835313603,0.855061385
0.9,0.0,0.4,0.06504148765450601,0.2867352,0.44873151
1.0,0.3,0.6,0.06519819984442275,0.174307942,0.346943851
0.7,0.1,0.0,0.06557787413724543,0.22960261,0.764481098
0.3,1.0,0.7,0.0655922469523239,0.224910508,0.762196177
0.4,0.2,0.3,0.06563307442473304,0.190064969,0.95974907
1.0,0.1,0.5,0.06595360366104328,0.344494937,1.071390994
0.0,1.0,0.5,0.06604617548957387,0.689233774,0.689233774
0.6,0.1,0.0,0.06617277939698155,0.012161189,0.908482539
0.0,0.9,0.1,0.06625339639053286,0.305690448,0.681406203
0.9,0.2,0.0,0.06628736343450116,0.06064582,1.497099746
0.1,0.6,0.5,0.06645420733612323,0.055230481,0.692934887
0.8,0.3,0.0,0.06665603481764149,0.061422504,0.748484113
1.0,0.1,0.0,0.06668546971345327,0.852201859,0.97892197
0.0,1.0,0.9,0.06675920805363852,0.022662788,0.44368513
0.5,0.0,0.6,0.0669570371310218,0.175409066,0.365727544
0.7,0.2,1.0,0.06700043207264736,0.397787632,0.97148359
0.8,0.6,1.0,0.0671059116352401,0.209197754,1.097529717
0.0,0.9,0.6,0.0673660546374014,0.192419687,0.34555844
0.6,0.3,0.6,0.0673784462629194,0.189709852,0.349106055
0.8,0.8,0.0,0.06749615659763482,0.002022193,1.504712607
0.6,0.9,0.6,0.06756123835193555,0.191860528,0.348128402
0.9,0.6,0.1,0.06768997000847815,0.075279268,0.419042308
0.9,0.8,0.0,0.06804867996806521,0.182744682,1.504968881
0.2,0.0,0.2,0.06809015209066513,0.422160126,0.455609401
0.4,0.7,0.2,0.06809295149208762,0.089215965,1.021951167
0.4,0.0,0.6,0.06830527967552391,0.193906935,0.353470207
0.3,1.0,0.8,0.06841148982730533,0.036482286,0.470617422
0.7,0.4,0.5,0.06847764558235053,0.068617002,0.734757971
1.0,0.4,0.6,0.06847913819922469,0.141693179,0.476892084
0.4,0.6,0.6,0.0686027085748981,0.206116383,0.340966442
0.5,1.0,0.6,0.06864747626571209,0.198943059,0.350409416
0.4,1.0,0.9,0.068656943716109,0.282000214,0.814187096
0.3,0.2,0.4,0.06872614204359957,0.039179087,0.81449302
0.1,0.5,0.6,0.06879786353220685,0.198937271,0.352127418
0.2,0.7,0.3,0.06901921067910988,0.092706502,0.917412448
0.2,0.2,0.1,0.06902772098457038,0.307687386,0.975277974
0.9,0.5,0.0,0.06929853960980367,0.218774561,1.490020089
0.8,0.2,0.3,0.06935040234636518,0.210347912,0.961041871
0.1,0.2,0.5,0.06975836167539451,1.000890663,1.032582149
0.9,0.3,0.3,0.06977698264537381,0.003844171,0.416376783
0.7,0.9,0.0,0.06982891224905305,0.292124538,1.136910014
0.2,0.1,0.2,0.06999262397752895,0.151630881,0.507619484
0.7,1.0,0.6,0.07040638722761693,0.225089527,0.33701907
0.9,0.4,0.2,0.07048744863054213,0.027255423,0.427668849
0.1,0.1,1.0,0.07055094224500932,0.11526208,0.36870801
0.5,0.4,0.0,0.07102137223242301,0.070853958,0.799763266
0.5,0.1,1.0,0.07108405393101043,0.403984846,1.037381125
0.8,0.0,0.4,0.07109984033468149,0.381849467,0.381849467
0.6,0.4,1.0,0.07113018919403273,0.378056732,0.456890596
0.6,0.8,0.2,0.07115086569587536,0.063843822,0.580087548
0.6,0.6,0.2,0.07115577214446217,0.387717709,1.289921946
1.0,0.5,1.0,0.07122833333419658,0.471203336,1.035134132
1.0,0.9,0.6,0.07133073958171769,0.041236944,0.809111343
0.5,1.0,0.5,0.07136422320873466,0.019573608,0.648817294
0.3,0.4,0.0,0.0715107471102955,0.010004529,0.787702098
1.0,0.9,0.7,0.07151508066476342,0.283781146,0.32041638
1.0,0.1,0.6,0.07165451229833732,0.188649237,0.41169606
0.3,0.0,0.0,0.07171761868939146,0.211314389,0.716269986
0.8,0.9,1.0,0.07183843454602609,0.572693394,1.009900985
0.9,1.0,0.8,0.07220085483307401,0.145477238,0.317388454
0.4,0.9,0.6,0.0722758570001051,0.150863878,0.504335519
0.3,0.3,0.0,0.07235699887630107,0.24537259,0.740025735
0.3,0.4,0.3,0.07251424746420097,0.033682622,0.871790916
0.2,0.9,0.6,0.07276531281269331,0.245173006,0.339201043
0.3,0.1,0.0,0.07300436935132026,0.256563078,0.804241527
0.1,0.0,0.7,0.07303225203111423,0.675552958,0.685047612
1.0,0.6,0.6,0.07318855967332355,0.197119729,0.586047719
0.4,1.0,0.2,0.07326154830971353,0.232609285,1.013913821
0.1,0.8,0.6,0.07330745971307613,0.252205567,0.337751004
0.9,0.0,0.6,0.07334640917748014,0.274938708,0.325047264
0.4,0.5,0.3,0.07343063271300182,0.433758312,0.764552659
0.7,0.5,0.2,0.07370905772308507,0.216467197,0.744754121
0.3,0.2,0.6,0.07374673010438748,0.251282822,0.342232754
0.2,0.3,0.6,0.07384698837631193,0.922743804,0.922743804
0.3,0.5,0.0,0.0738654392078106,0.277822594,0.792379499
0.0,0.4,0.1,0.0738944889218995,0.166420357,0.769324112
0.1,0.6,0.6,0.07392306799208423,0.234309652,0.361375455
0.1,0.5,0.3,0.07402762616024806,0.646867371,0.770551641
0.4,0.5,0.6,0.07435773318676397,0.341949123,0.641687012
0.4,0.2,0.6,0.07438223344035111,0.288809438,0.434090672
0.4,0.4,1.0,0.07441175149659242,0.086974032,1.123207804
0.8,0.3,0.5,0.07480779215435852,0.05168967,1.237998523
0.3,0.7,0.0,0.07489604092873724,0.19886693,0.81770578
0.0,0.8,0.3,0.07494695338549524,0.354555943,0.955133561
0.5,0.6,0.0,0.07497489435121349,0.043411554,0.780215606
1.0,0.0,0.6,0.07504823424293407,0.35600206,0.553892471
0.3,1.0,0.0,0.07505222197448841,0.202855122,0.815036513
0.2,0.4,0.1,0.07509807739090359,0.223988064,0.852620276
0.3,0.2,0.0,0.07521982017424993,0.297095691,0.73304855
0.9,0.7,0.8,0.0752793091841742,0.12392905,0.590662295
0.4,1.0,0.0,0.07530531063321272,0.259893754,0.87583577
0.7,0.3,0.2,0.07532154967940465,0.263751344,0.998182524
0.2,0.4,0.3,0.07542958265738524,0.134222597,0.62020924
1.0,1.0,1.0,0.07546501321390553,0.083016716,0.972697654
0.3,0.9,0.0,0.07549968795335574,0.239085908,0.801531651
0.3,0.6,0.0,0.07566989780636563,0.237761235,0.802753988
0.5,0.1,0.6,0.0756706407821133,0.664938591,0.664938591
0.4,0.7,0.7,0.07573747858322577,0.303750749,0.339827065
0.5,0.4,1.0,0.07619356074869844,0.543265381,1.159706834
0.6,0.7,1.0,0.0764649789312787,0.205735901,1.017888759
0.7,0.6,1.0,0.07649022568287742,0.510433423,0.516477636
0.2,0.6,0.0,0.07660939007534663,0.027188995,0.796404887
0.2,0.0,0.0,0.0767374306602227,0.025875384,0.796091026
0.0,0.9,0.2,0.07683104225043998,0.00759845,0.498034251
0.8,0.0,0.0,0.07705232401353249,0.179446428,1.458853948
0.5,0.0,0.0,0.07708813483564642,0.048283235,0.741209353
0.4,0.2,0.5,0.07730104996996956,0.084939524,1.013572513
0.2,0.1,0.0,0.07743185368859447,0.024725687,0.799423712
0.3,0.2,0.2,0.07770361837807507,0.25401119,0.536331256
0.5,0.1,0.1,0.07772411816253903,0.070332523,0.493207472
0.9,0.1,0.1,0.07772478473662603,0.032371027,0.513679376
0.4,0.1,0.0,0.0777713165002701,0.060923043,0.735707046
0.8,0.7,0.3,0.07782769315148864,0.065413627,0.942219754
0.3,0.8,0.0,0.07805875295612166,0.291850788,0.786999214
1.0,0.3,0.9,0.07806080334027417,0.004365145,0.470507554
0.8,0.0,0.1,0.07818301342603022,0.564941443,1.00914828
0.9,0.6,0.8,0.0784271467685565,0.075000479,0.682067666
1.0,0.7,0.1,0.07844242214095062,0.026013277,0.512230837
0.7,0.5,0.1,0.07858498491942627,0.123847081,0.922539706
0.2,0.7,0.0,0.07860070829369283,0.067536935,0.788148475
0.2,0.5,0.0,0.07860623601683253,0.067437145,0.7857531
0.6,0.5,0.7,0.07862541321634367,0.317809096,0.353345542
0.2,0.3,0.0,0.07868428145958284,0.067227475,0.789809446
0.1,0.3,0.3,0.0787122154156631,0.189919281,0.963239056
0.2,0.2,0.0,0.07881201484513592,0.066810792,0.789946968
0.4,0.6,0.1,0.07897657406861315,0.218227476,0.846072257
0.9,0.0,0.0,0.07903084639736521,0.291750668,1.490879391
0.4,0.8,0.6,0.07908315752149973,0.146735531,0.574751735
0.5,0.6,1.0,0.07908728296877116,0.385013842,0.697060997
0.2,0.4,0.0,0.07926456388068105,0.06751274,0.780378989
0.8,0.5,0.1,0.07927644488108475,0.083129545,0.499783856
1.0,0.4,1.0,0.07937456714182761,0.577771626,1.008289162
0.4,0.6,0.0,0.07986351590592414,0.225447834,0.883244178
0.3,0.8,0.7,0.08002756959570899,0.322070511,0.357888708
0.6,0.6,0.3,0.08005300122314658,0.633459813,0.8047587
0.0,0.7,0.1,0.08014923964178312,0.048281155,0.504054252
1.0,0.0,0.0,0.08046762496064341,0.392748895,0.861189781
0.9,0.9,0.5,0.08049727254716459,0.825823767,0.911283368
0.1,0.6,1.0,0.08056426146634113,1.253541649,1.377182422
0.6,0.6,0.6,0.08059014770750138,0.151426418,0.739759596
0.2,0.8,0.0,0.08095175432287886,0.116717394,0.779386925
0.7,0.7,0.3,0.08107458898073656,0.349830465,0.956222417
0.7,0.4,0.3,0.0812703610556337,1.212446921,1.212446921
0.1,0.8,0.2,0.08155113182137327,0.111904602,0.956116703
0.4,0.7,1.0,0.08156478035812394,0.092220844,1.109561185
0.2,0.2,1.0,0.08163812255322608,0.654679019,1.144462076
0.7,0.2,0.7,0.08170975341752362,0.337958001,0.371634262
0.2,1.0,0.0,0.08179454653189933,0.113078228,0.782763265
0.2,0.9,0.0,0.0818002608934631,0.112065916,0.782954844
0.6,0.3,0.7,0.08197669259012895,0.3387636,0.372494098
0.3,0.1,0.2,0.08215599951368041,0.105055651,0.913986366
0.0,0.7,0.7,0.08215778012121269,0.796145279,1.240817268
1.0,0.1,0.9,0.08229256447353259,0.155192573,0.681626644
1.0,0.3,0.0,0.08248508850554075,0.331841266,0.888125545
0.5,0.2,0.7,0.08253743223053278,0.338618607,0.372834384
0.0,0.3,0.6,0.08257560310397269,0.201008187,0.645532077
0.8,0.2,0.2,0.08308127491336106,0.060244504,0.730672606
0.4,0.9,0.0,0.0831045903005237,0.053165603,0.704488236
0.2,0.4,1.0,0.08314394300457525,0.130746009,0.738555258
0.2,1.0,0.4,0.08325075383776454,0.50977198,0.551265257
0.9,0.5,0.6,0.08341588635730228,0.116055771,1.221648194
0.7,0.2,0.5,0.08370380285377242,0.13052984,0.475009721
0.5,0.8,0.0,0.08377832943993709,0.060737688,0.703034355
0.2,0.1,0.7,0.08380464870405822,0.346701526,0.380264504
0.7,0.6,0.2,0.08381397808096816,0.016548386,0.423586033
0.3,0.3,0.3,0.08413668055374446,0.082899335,0.875577939
0.9,1.0,0.0,0.08439627844092305,0.328126744,0.738445795
0.9,0.3,0.5,0.08443225551946158,0.39146145,0.784056705
0.1,0.8,0.0,0.08484825581568428,0.386436048,0.97601888
0.4,0.5,0.0,0.0850642071597791,0.285510949,0.90992727
0.9,0.1,0.0,0.08506931734253141,0.326612468,0.589406145
0.1,0.6,0.0,0.08511136203179029,0.388272213,0.980661093
0.1,0.4,0.0,0.08556226401102414,0.370452486,0.983889405
0.1,1.0,0.7,0.08594769787119871,0.244631286,0.467026987
0.4,0.0,0.0,0.08599969198407473,0.077804164,0.839084899
0.7,0.6,0.5,0.08607332775548918,0.09221032,0.646445977
0.4,0.2,0.0,0.08609543849329784,0.123982585,0.912553218
0.4,0.5,0.5,0.086105998918952,0.766428086,0.766428086
0.5,0.8,0.7,0.08620992527839193,0.243735185,0.469956839
0.1,0.3,0.0,0.08642477373025785,0.353908307,0.969315682
0.4,0.8,0.0,0.08655877005084137,0.062372473,0.840797985
0.1,0.1,0.0,0.08661084127868868,0.395839198,0.982855146
0.1,0.7,0.0,0.0866906567020023,0.432463762,0.987114905
0.1,1.0,0.0,0.08679569255837934,0.430459483,0.981745644
1.0,0.9,0.0,0.08679874606255018,0.301123197,0.854070265
0.0,0.5,0.1,0.08696914618204428,0.25199485,0.889806166
0.1,0.9,0.0,0.08720320212791105,0.429142552,0.979970709
0.6,0.5,1.0,0.08726476550118716,0.326988543,1.144605605
1.0,0.7,0.7,0.08752903543879859,0.005362069,0.661645002
0.1,0.2,0.0,0.08756454183135533,0.433029339,0.992201941
0.3,0.9,0.3,0.08806370931058909,0.194880391,0.700278012
0.1,0.5,0.0,0.08819486117683509,0.410214199,0.978343964
0.1,0.0,0.0,0.08834803325779109,0.432398778,0.994999524
0.1,0.6,0.3,0.08850017046275506,0.088774641,0.930385476
0.8,0.4,0.0,0.08853023180512062,0.231758246,1.446906312
0.4,0.3,0.0,0.08881207616848259,0.056541678,0.807838197
0.0,0.2,0.7,0.08889320395179393,0.378794165,0.409736326
0.3,0.8,0.2,0.08890921756140617,0.159740309,0.901738578
0.2,0.5,0.3,0.08893103021299319,0.114120217,0.929093409
1.0,0.2,0.0,0.08897770371449275,0.149229394,1.379605125
0.4,0.1,0.6,0.08917176878168731,0.075857878,0.941175323
1.0,0.7,0.3,0.08923820391021382,0.264231848,0.899988763
0.3,0.7,0.1,0.08932776161072709,0.287879218,0.76910246
0.9,1.0,0.7,0.08933484666654459,0.374710048,0.406649323
0.0,0.0,0.1,0.08934173194488974,0.011194759,0.616153601
0.5,0.0,0.7,0.08945726839622041,0.384783396,0.414861731
0.3,0.4,0.5,0.08966912344786215,0.066905989,1.201377973
0.5,0.8,0.3,0.08974229063863387,0.264950983,0.962079136
1.0,0.4,0.2,0.08979805601742022,0.428853426,0.772449618
0.5,0.4,0.7,0.08985104653395089,0.371786949,0.404711582
0.4,0.6,0.5,0.0898972959005144,0.016904882,0.625047555
0.6,0.8,0.6,0.0899716228099605,0.087607561,0.688002413
0.4,1.0,0.5,0.09025638829308924,0.387480005,0.737226337
0.6,0.0,0.0,0.09028962620864725,0.035745989,0.716713705
0.6,0.0,0.7,0.09067118653106385,0.258871786,0.404522373
0.1,0.7,0.6,0.09091800082225714,0.130198165,1.2060966
0.6,0.4,0.4,0.09098744263166275,0.649470567,1.17410858
0.4,1.0,1.0,0.09100397555688705,0.85814273,1.148354609
0.2,0.6,0.2,0.09128236763504168,0.258708585,1.045422627
0.6,1.0,0.3,0.0914653778474061,0.253596773,0.930290793
0.1,0.3,0.7,0.09146751101493103,0.39280891,0.422729534
0.5,0.2,0.2,0.09183650689386588,0.68974564,0.72539336
0.8,0.5,0.6,0.09208955901695816,0.032371121,1.06277144
0.7,0.0,0.7,0.09210014609904685,0.389148777,0.420163123
1.0,0.1,0.3,0.09215799883926346,0.037357411,0.972888105
0.9,0.0,0.2,0.09238086825548918,0.042919533,0.551153929
0.7,0.8,0.7,0.09244876652375555,0.39360943,0.423998096
0.9,0.6,0.0,0.09283313508954828,0.307097862,0.906319798
0.7,0.9,0.7,0.0930793725233849,0.391908123,0.423036963
0.3,1.0,0.5,0.0930945673436815,0.192242003,0.720992425
0.9,0.9,0.2,0.09319746590452076,0.137638084,0.918553193
0.0,0.8,0.7,0.09320144856762329,0.394134303,0.425007786
0.7,0.7,0.6,0.09344883311307216,0.227907828,1.207257701
0.9,0.2,0.7,0.09345290992643702,0.397234705,0.427530135
0.3,0.0,0.6,0.09349071761043133,0.128728288,0.510858155
0.8,0.7,0.7,0.09351782876985038,0.458626464,0.698871601
0.1,0.8,0.5,0.09362653237781984,0.316603422,0.723006433
0.0,1.0,0.4,0.09388230330937752,0.102048284,1.030552011
0.4,0.7,0.5,0.09396676207707762,0.049943444,0.711082118
0.2,0.0,0.5,0.0943176067091525,0.143960074,0.728770623
0.5,0.5,0.5,0.09437058741568893,0.337449274,0.717398918
0.5,0.7,0.5,0.09481528926013996,0.360841646,1.311723662
1.0,0.5,0.0,0.09490499033183664,0.396234858,0.989078291
0.7,0.4,0.4,0.0951293887808543,0.433901541,0.688830967
1.0,0.7,0.4,0.09559262572481327,0.379052504,0.924726446
0.4,0.1,0.3,0.09564531402291229,0.009587139,0.757838299
0.7,0.0,0.2,0.09566258818200624,0.195924146,0.654545836
1.0,1.0,0.3,0.0960346179536222,0.113674159,0.567324456
1.0,1.0,0.0,0.09610320259938285,0.423623858,0.844829273
0.4,0.8,0.7,0.0962763333784859,0.40992941,0.439720005
0.1,0.5,0.7,0.09649795001898044,0.865015967,1.14383271
0.1,0.2,0.7,0.0965581577385922,0.410100491,0.44008211
0.4,0.9,0.7,0.09710904129179247,1.361989525,1.361989525
1.0,1.0,0.8,0.09733497776022866,0.204440744,0.903298089
0.3,0.7,0.2,0.09742386272632407,0.228805287,0.975571963
0.1,0.9,0.3,0.09764955110151735,0.098740298,0.90042788
0.9,0.2,1.0,0.09767553562155691,0.812868605,1.234203
0.6,1.0,0.1,0.09769174884692407,0.288057344,0.876842681
0.0,0.5,0.2,0.09799583618870195,0.655406465,0.655406465
0.2,0.6,0.4,0.09824117490860186,0.07913192,0.686581974
0.6,0.3,0.2,0.098251298610429,0.058155418,0.80957259
0.0,0.4,0.5,0.0987454034774505,0.270326294,0.933281023
0.0,0.6,0.3,0.09899969233518588,0.339537658,0.991783138
1.0,0.7,0.0,0.09905549174892396,0.467316274,1.443521577
0.7,0.5,0.5,0.09930480353606015,0.306252719,1.229241492
0.0,0.5,0.7,0.09935845553809153,0.417179919,0.447729051
0.3,0.4,1.0,0.0994406458474949,0.0607234,1.196244415
0.8,0.6,0.0,0.09944239310835934,0.678915367,1.467408137
0.5,0.5,0.7,0.09946923568648793,0.266190666,0.485236301
0.6,0.7,0.4,0.09972405168461757,0.04200434,0.832160538
0.2,0.2,0.3,0.09973175616778734,0.83541982,0.849191683
0.8,0.5,0.7,0.09996917660144376,0.425013261,0.454306303
0.7,0.8,0.6,0.10002431201227542,0.681419239,0.681419239
1.0,0.3,0.2,0.10006929995573649,0.235175694,1.006414662
0.7,0.4,1.0,0.10029781344696112,0.689983447,0.747959156
0.9,0.7,0.9,0.10035799871329262,0.337133885,0.739585575
0.6,0.0,0.9,0.10073485865483817,0.291385927,0.771545368
0.9,0.1,0.9,0.10081860040958669,0.784275717,0.784275717
0.2,0.3,0.1,0.10084189152109009,0.230010975,0.491343872
0.3,0.0,0.7,0.10101607175124389,0.366464266,0.614263607
1.0,0.8,0.0,0.1012861206678889,0.465894576,0.899773604
0.1,0.0,0.6,0.10150892256761807,0.284918611,0.50962962
0.8,0.1,0.7,0.1016740294203919,0.424841621,0.459545633
0.7,0.8,0.4,0.10194013002469622,0.061044153,0.873381621
0.5,0.5,0.6,0.1022207435690739,0.380576118,0.628043079
0.8,0.0,0.6,0.10238117244928839,0.202692274,0.685117565
0.6,0.3,0.1,0.10264135221814619,0.362469174,0.915697105
0.9,0.6,0.5,0.10276353219309906,0.986287217,1.173607813
0.8,0.1,0.3,0.10295497028074446,0.625338335,0.688777059
0.5,0.6,0.7,0.10328721110365434,0.425089952,0.477845529
0.1,0.2,0.9,0.10377714105141889,0.071231917,0.625143016
1.0,0.1,0.4,0.10442429386963317,0.146434926,0.743634194
0.1,0.2,0.1,0.10455652539218145,0.325391202,0.976448848
0.8,0.2,0.0,0.10462054125378499,0.361957157,1.457695659
0.8,0.5,0.5,0.10481120395974652,0.204546899,0.586964315
0.8,1.0,0.6,0.10481217849693399,0.056827884,0.934524297
0.6,0.2,0.2,0.10486128887614696,0.103326893,0.736053406
0.2,0.7,0.9,0.10529415177685138,0.766903077,0.766903077
0.9,0.5,0.5,0.10531716197403702,0.247290201,0.662420043
0.6,0.5,0.1,0.10558878469588555,0.293911932,0.540752366
0.2,0.6,0.6,0.10561557162090293,0.344521072,0.483121486
0.4,0.4,0.8,0.10564104463596576,0.045285929,0.694132711
0.4,0.5,1.0,0.10569260084375393,0.02142511,1.446740835
0.0,0.1,0.8,0.1057479413132695,0.302509403,0.476200318
0.2,0.5,0.8,0.10597012505224108,0.335116762,0.40098386
0.5,0.7,0.3,0.10597515130935917,0.14092579,0.780776793
0.6,0.4,0.1,0.10633853138069217,0.276683837,0.539319839
0.9,0.2,0.5,0.1063822354312101,0.348286972,0.671034145
0.3,0.3,0.2,0.10686963513082276,1.025471036,1.025471036
0.0,1.0,0.6,0.10704823394718287,0.542958675,0.842016524
0.0,0.6,0.8,0.10713296462955603,0.40998696,0.898022851
1.0,0.7,0.9,0.10738347859956322,0.110436033,0.628248615
0.5,0.3,0.7,0.1076868731866684,0.182709261,0.751534522
0.9,0.0,0.9,0.10776075139785031,1.339996173,1.339996173
0.2,0.7,0.1,0.10796766351843587,0.306733792,1.010049525
0.0,1.0,0.3,0.10800006847204374,0.452778599,0.931035693
0.4,0.7,0.6,0.10807509022851895,0.090233941,0.591981622
0.4,0.2,0.4,0.10837764208980663,0.323597719,0.823161634
0.8,1.0,0.9,0.10840599551870903,0.41429811,0.597332107
0.4,0.2,0.9,0.10855280331261354,0.257746862,0.408543411
0.7,0.0,0.5,0.10879224192796251,0.244855435,0.692480329
0.0,0.6,1.0,0.10894425744279539,0.070121982,1.393613015
0.6,0.7,0.3,0.10902824226833985,0.26022852,0.630734473
0.7,0.2,0.2,0.10912553957548421,0.265888015,0.93762902
1.0,0.1,0.1,0.10964951320418231,0.328584022,0.93134009
0.6,1.0,0.4,0.10972045503840729,0.075415161,0.784114451
0.9,0.5,1.0,0.10979848161849497,1.087701922,1.087701922
0.3,0.4,0.1,0.10989985031736461,0.074639957,1.080541526
0.2,0.8,0.7,0.11005286439379205,0.62451135,0.62451135
1.0,0.4,0.0,0.11038754825831354,0.537474497,1.361500213
1.0,0.3,0.7,0.11044185378905942,0.327103555,0.665297653
1.0,0.4,0.3,0.11047804282489383,0.368726214,0.546207112
0.5,0.0,0.3,0.11052524679644295,0.303596512,0.947381585
0.9,0.6,0.9,0.11103293618741616,0.156926248,0.638082621
0.6,0.7,0.6,0.1115099584499262,0.025395181,1.035361559
0.6,0.7,0.8,0.11161945179111288,0.499751006,1.003940623
0.6,0.6,0.5,0.11162569367732993,0.940588392,1.004127701
0.9,0.2,0.9,0.11170014962121551,1.133694509,1.47076434
0.6,0.7,0.1,0.11206514908988882,0.351106422,0.637749188
0.9,0.1,0.3,0.11232796417036714,0.290143721,0.860504477
0.3,1.0,0.6,0.11322949609543638,0.736004566,0.736004566
0.7,0.1,0.2,0.113294256005441,0.79002029,1.036227741
0.2,0.8,0.2,0.11330011034886636,1.169697372,1.169697372
0.3,0.3,0.1,0.11337996472895724,0.350805554,0.954602785
0.8,1.0,0.1,0.1138751758613237,0.336795871,0.835139091
0.8,0.5,0.0,0.11399580218830857,0.058723649,0.891608003
0.2,0.6,0.3,0.11475851404192106,0.507988464,0.643698233
0.2,0.3,0.3,0.11503831467060625,0.386001536,0.65374314
0.6,0.1,0.4,0.115133669163213,0.386359622,0.980054777
1.0,0.8,0.2,0.11517942222636939,0.173294353,0.839815389
0.4,0.5,0.7,0.11523253099466652,0.714032225,1.324948042
0.4,0.2,0.7,0.11524442726750855,0.00259288,1.139453722
1.0,0.5,0.9,0.11559724495898004,0.116699202,0.736522086
0.5,0.4,0.3,0.11598310762676903,0.201685746,0.896432078
0.8,0.3,0.3,0.11598612567466887,0.112317418,0.839819186
0.6,0.4,0.7,0.1159883586106744,0.338119892,0.712845401
0.4,0.9,0.3,0.1164653692570247,0.008852248,0.871188997
0.3,0.8,0.3,0.11674813623270476,0.360152676,0.938043893
0.6,0.4,0.3,0.11686285017909821,0.355731907,0.942147653
0.4,0.8,0.2,0.1168696438694385,0.416431698,1.066992387
0.7,0.2,0.4,0.11694582315160772,0.000480036,0.796892384
1.0,0.9,0.3,0.11696122747967566,0.343120096,0.950790232
0.0,0.1,0.3,0.11712521120538036,0.263322469,0.76576475
0.6,0.0,0.8,0.11740702777662104,0.381508703,0.625257804
0.8,0.8,1.0,0.11751564300008245,0.375571128,1.136604888
0.7,0.0,0.0,0.11826914591131175,0.599997602,1.466283663
0.2,0.7,0.8,0.11827693226539433,0.10460583,1.100225358
1.0,0.0,0.7,0.11831361369544491,0.555937591,0.610829887
0.9,1.0,0.1,0.11838432978109084,0.329747437,0.682272827
0.9,0.5,0.3,0.11838885706613585,0.056715709,0.935764658
0.9,0.1,1.0,0.11889882451736063,0.835011753,0.899743009
0.9,0.7,0.0,0.11895943501828847,0.02942319,1.331724982
0.5,0.2,0.1,0.11934542567288664,0.226772475,0.691381275
0.7,0.7,0.1,0.11995389845833697,0.394196916,0.863045914
0.3,0.0,0.4,0.12041993566987802,0.07911237,0.80293868
0.2,0.3,0.4,0.12206943856229309,0.430101015,0.595191308
0.3,0.8,0.9,0.12248706178817373,0.033136957,0.767359873
0.7,1.0,0.0,0.12323816059549421,0.028297381,0.940713841
0.4,0.0,0.3,0.12334870998112657,0.298641452,0.826237929
0.3,0.9,0.7,0.12352616717394703,0.721800765,0.773658217
0.7,0.8,0.5,0.12412252752334069,0.401081745,0.958090857
0.4,0.2,0.8,0.1246796866711265,0.355098685,1.272189297
0.7,0.5,0.0,0.12468845533882739,0.063273994,1.198312675
0.3,0.3,0.9,0.12476921698808481,0.013304501,0.791089535
0.8,0.8,0.6,0.12504092676656348,0.76938082,0.76938082
0.7,0.2,0.9,0.12513136701804004,0.006560978,0.764687639
0.5,0.8,0.6,0.12521214566062688,0.762952529,0.762952529
0.0,0.6,0.9,0.12525520552751576,0.020878301,0.789524382
0.9,0.3,0.9,0.12573152526762466,0.040838767,0.790354944
0.8,0.4,0.6,0.1257555347468375,1.226736273,1.356771536
0.6,0.0,0.4,0.12636253327754243,0.300759797,0.774869832
0.7,0.5,0.3,0.12637698603927006,0.340134224,1.107980876
0.7,0.0,0.3,0.12641288515845733,0.269791226,0.812562663
1.0,0.4,0.8,0.12642641628010468,1.061185678,1.061185678
0.3,0.5,0.6,0.1265972640008237,0.800950607,0.808613879
0.5,0.7,0.1,0.1268932238291846,0.251887972,0.811116023
1.0,0.0,0.3,0.12709383398461166,0.279558772,1.092358558
0.1,0.0,0.2,0.12710556584409277,0.116119064,0.990727422
0.7,0.5,0.6,0.12771761295532302,0.809418473,0.815270194
0.6,0.9,0.7,0.12812612108693688,0.433817052,0.761255828
0.0,0.1,0.1,0.1282568407638994,0.259141821,0.835610277
0.1,0.0,0.3,0.1284593045641025,0.231245219,1.040133733
0.4,0.5,0.1,0.12891784406866022,0.258486469,1.42974441
0.5,1.0,0.7,0.12946423579173477,0.600112691,0.750256395
0.3,0.6,0.7,0.12971997337881724,0.384249892,0.976485873
0.9,0.7,0.7,0.13001359493871975,0.148840681,0.673429621
0.7,0.7,0.4,0.1301239229452165,1.515214279,1.515214279
0.9,0.5,0.8,0.13037187801102626,0.411318818,0.593500785
0.7,0.6,0.0,0.13074435628649841,0.057746476,0.955312726
0.5,0.5,0.4,0.13138343139041003,0.103240316,1.056628727
0.0,0.7,0.6,0.1317465111505308,0.787732925,0.876926565
0.8,0.7,0.0,0.13195824041578852,1.049934342,1.049934342
0.9,1.0,0.3,0.13246809483740699,0.428506707,0.769448279
0.5,0.4,0.2,0.13280466243195893,0.440648383,0.87204235
0.2,0.5,0.5,0.13317723454017472,1.535140603,1.557008429
0.2,1.0,1.0,0.13322227768861755,0.427135525,1.387164557
1.0,1.0,0.9,0.13339932762754786,0.093653703,1.003412375
0.4,0.0,0.4,0.1344229899214968,0.028367741,1.363415482
0.0,0.3,0.1,0.13442564946181268,0.246457589,1.401167556
0.8,0.8,0.3,0.13500579445359365,0.275114376,0.895441416
0.8,0.9,0.3,0.13507929303962465,1.145791448,1.145791448
0.4,0.7,0.9,0.13531711306304825,0.005844632,0.81704944
0.2,0.1,0.9,0.1354811500288117,0.008207802,0.814841573
0.6,0.7,0.5,0.13557779894058505,1.243831663,1.243831663
0.7,0.8,0.9,0.1357666026736078,0.757304042,0.784357958
0.9,0.2,0.6,0.1360056082030133,1.058908476,1.058908476
0.9,0.3,0.0,0.13705770500225942,0.313365904,1.429481268
0.8,0.1,0.6,0.13716737022459521,0.866781881,0.867161426
0.4,0.3,0.6,0.13790257580024803,0.862675731,0.863237438
0.9,0.8,0.7,0.1386169970115289,0.610781082,0.934541034
0.3,0.4,0.6,0.13874223509589656,1.148935126,1.148935126
0.1,1.0,1.0,0.13892853199307556,0.01275951,1.191520513
0.7,0.4,0.0,0.13908545012405765,0.082457852,1.2464829
0.7,0.3,0.6,0.13922473203461627,0.855514694,0.855514694
0.3,0.7,0.9,0.13942384180595718,0.146794332,0.821843925
0.4,0.4,0.0,0.1398484912562168,0.114646167,1.225515139
0.8,0.2,0.6,0.13994277840246958,0.875265897,0.875747008
0.3,0.0,0.9,0.14015391568804852,0.83345514,0.83345514
0.6,1.0,0.5,0.14016425194002355,0.307916889,1.166531414
0.7,0.4,0.6,0.14060549690542687,0.297948197,0.649811019
0.0,0.1,0.7,0.14076996749842435,0.240524287,1.24587831
0.5,0.5,1.0,0.14182945323699228,0.762601463,1.075832604
0.2,0.2,0.8,0.1423003252808857,0.22145932,1.263384355
1.0,0.6,0.7,0.1424104506652079,1.150556378,1.20328818
0.5,0.9,0.4,0.14257607334831793,0.564495601,1.283238892
0.6,0.5,0.4,0.14274453144235713,0.015761089,1.176853286
0.2,0.4,0.9,0.14279150376739458,0.266593157,0.821968464
0.1,0.5,0.8,0.142968778862347,1.149137018,1.370741728
0.7,0.1,0.3,0.14317054734444234,1.062235458,1.38248025
0.9,1.0,0.9,0.14359558492583227,0.261890944,0.815432205
0.0,0.3,0.9,0.14418085735791114,0.379950338,0.824739016
1.0,1.0,0.5,0.14442944381968878,0.082882024,1.123859826
0.5,0.2,0.6,0.1446355174722985,0.900113256,1.05881959
0.5,0.0,0.1,0.14475444571414378,0.149720466,0.812051828
0.1,0.5,0.5,0.14497326969301982,0.810612566,1.532020747
0.6,1.0,0.0,0.14513912637761323,0.08663552,1.234150863
0.8,0.6,0.9,0.1451497426977697,0.405845785,0.822281334
0.5,0.6,0.1,0.14550209731701105,0.384630934,1.088264277
0.5,0.3,0.6,0.1457331686117946,0.084116785,1.320032294
0.8,0.7,0.9,0.14578287849642077,0.380851684,0.9563769
0.2,0.0,0.3,0.14589208515513774,0.806187638,1.019999142
0.3,0.8,1.0,0.1461826524901268,0.752716478,1.000619652
0.1,0.8,0.3,0.1462845893974453,0.264185952,1.488698984
0.3,0.6,0.9,0.14636605763785587,0.430735633,0.930333253
0.7,0.1,0.1,0.1464982154269508,0.256814565,1.462328718
0.1,0.0,0.9,0.14652013591337348,0.229507032,0.825356481
0.6,0.9,0.1,0.14672211324253578,0.272517921,1.440435323
0.3,0.9,0.1,0.14690684892370076,0.451723454,0.961477813
0.7,0.8,0.3,0.14696485929558636,0.806048462,1.019701438
0.1,0.7,0.8,0.14707555807641168,0.080398557,1.191231302
0.5,0.4,0.5,0.14746604047300133,0.604006761,1.105475775
0.1,0.1,0.2,0.1478803006281399,0.15774734,0.959696447
0.5,0.4,0.1,0.14790112660442753,0.271575229,1.487535229
0.3,0.7,0.6,0.14868445890718937,0.505983984,1.406377402
0.2,0.6,0.1,0.14876604114218134,0.175040676,1.253664433
0.5,0.5,0.1,0.14877854140176103,0.346706563,1.117872461
0.3,0.3,0.7,0.14885232711075463,0.467927157,1.226431027
0.0,0.3,0.7,0.14931632394517882,1.080919141,1.325251319
0.5,0.3,0.4,0.1502514515261442,1.465821992,1.465821992
0.2,0.7,0.2,0.15144513690079026,0.406597852,1.081713847
0.8,0.6,0.3,0.15193130723220755,0.188758193,1.005505633
0.8,0.2,0.1,0.15201853788617772,0.000833763,1.19859215
1.0,0.2,0.1,0.15206545991308507,0.273558837,1.522577931
0.4,0.3,0.7,0.15233608975590981,0.119854828,1.350240664
0.0,0.4,0.2,0.1524486815028546,1.057981518,1.523599399
0.7,0.8,0.0,0.15295370704068337,0.718408212,1.476458285
0.9,0.9,1.0,0.15362168868498924,0.214920736,1.11038692
0.0,0.4,0.9,0.15378950989938134,0.228065078,0.95216776
0.1,0.9,0.9,0.15392040293039277,0.3538271,1.32108276
0.5,0.9,0.2,0.15447395782933426,0.163861678,1.310412172
0.6,0.6,0.9,0.15493807115630753,0.731882645,0.912732119
0.6,0.8,0.7,0.15500293665847079,0.061212098,1.476464209
0.5,0.7,0.7,0.1558918497546032,0.217830867,1.451475021
0.1,0.6,0.7,0.15611586328489865,0.095687843,1.399768868
0.8,0.0,1.0,0.15620918425216276,0.184556061,1.403744952
0.6,0.4,0.2,0.15628917611020096,1.389082617,1.485074537
0.9,0.2,0.4,0.1568745112081741,0.083006515,1.346320704
0.6,1.0,0.8,0.15780349530474647,0.867074354,1.319397394
0.3,0.7,0.3,0.1580136672630174,0.176529424,1.263377585
0.3,0.6,0.8,0.15804255132373396,0.891227023,1.325966547
1.0,0.5,0.1,0.1582457031035064,0.058616044,1.085073225
0.5,1.0,0.3,0.15857684215958645,0.488570799,1.158170199
1.0,0.2,0.7,0.15883625188234912,1.183071628,1.310463942
0.1,0.5,0.2,0.1589507188482055,1.031518261,1.496513023
0.1,0.6,0.2,0.15908387139047903,0.122014608,1.244962406
1.0,0.5,0.2,0.15927665579503061,0.096651083,1.233546948
0.9,0.0,0.7,0.15950325475025942,0.24804445,1.315755842
0.8,0.8,0.7,0.16091088850857949,1.171595464,1.339294053
0.9,0.0,1.0,0.16093868770569383,0.06764669,1.212157862
1.0,0.3,0.1,0.1611329560206931,0.058414159,1.236172575
0.2,0.6,0.7,0.1617568367477189,0.511200167,1.253926883
0.1,0.8,0.9,0.16187232212414046,0.272365837,0.997042062
0.8,0.2,0.7,0.1621673015860062,0.437694871,1.159936176
0.7,0.8,0.1,0.16252899092185094,0.852186938,0.852186938
0.6,0.0,0.6,0.16330350901174365,0.166910872,1.153688494
0.3,0.0,1.0,0.16343448357925242,0.807318217,0.898165413
0.8,0.6,0.7,0.16348481368294762,1.129436913,1.396543823
0.2,0.9,0.7,0.16376324822649208,0.450789892,1.243754762
0.4,0.4,0.2,0.1644002787223526,0.030642391,0.752795276
0.2,0.3,0.7,0.1644027857039624,0.21374344,1.238215183
0.4,0.1,0.8,0.1645946075480671,0.267317293,1.338977525
0.5,0.8,0.9,0.16499774986290644,0.095357314,1.452446405
0.9,0.1,0.7,0.16501624828685307,0.352104413,1.389878071
0.4,0.0,0.1,0.16514379698214982,0.713941844,1.523914774
0.3,0.7,0.7,0.16542353928184514,0.627706541,1.115912068
0.9,0.9,0.7,0.1655154815720856,0.122884971,1.386391526
0.6,0.7,0.9,0.16553288392006607,0.020132262,0.891728366
0.8,0.4,0.1,0.16564103799506585,0.45196824,1.131621794
0.1,0.4,0.3,0.16573175829367667,0.023664667,0.701027693
0.5,0.3,0.9,0.16584807436845797,0.012469382,0.892201648
0.6,0.0,1.0,0.166407874843751,0.124054568,1.210755638
0.7,0.7,0.7,0.16676587381772573,0.296256708,1.539340263
1.0,0.2,0.9,0.16708236599943221,0.142651156,0.886897175
0.1,0.4,0.9,0.16739998505584422,0.857605478,1.160636652
0.9,0.8,0.4,0.16747483128704718,0.020020538,1.139296189
0.6,0.5,0.9,0.1676078055037299,0.905516381,0.985661961
0.3,1.0,0.3,0.16767015120669443,0.265050198,1.364815975
0.5,0.8,0.1,0.16770451527334373,0.866355712,0.866355712
0.8,0.5,0.2,0.16776976928104004,0.455019366,1.291583262
0.4,0.0,0.7,0.16784969171788222,0.392762959,1.395598559
0.4,0.6,0.7,0.16788626371291548,0.491028914,1.333284679
1.0,0.0,0.1,0.16820272416582271,0.063326378,0.999485208
1.0,0.4,0.4,0.16837330437471512,1.006116573,1.471348738
0.7,0.3,0.9,0.16891174341424864,0.12962864,0.896308938
0.0,0.6,0.6,0.16910764581179236,0.540696374,0.927048352
0.8,0.8,0.9,0.1693371946033374,0.069248953,0.892137668
1.0,0.8,0.7,0.16934436289079602,1.025641934,1.286021898
0.6,0.1,0.7,0.16986013768395036,0.204668417,1.25568765
0.7,0.7,0.0,0.17029514098192675,0.980878557,1.40339686
0.7,0.4,0.7,0.17047888993605925,0.51156798,1.398083222
0.0,0.5,0.9,0.17065896619077753,0.009302004,1.352439681
0.3,0.1,0.6,0.17077430948242553,1.315426369,1.425955066
0.2,0.2,0.4,0.1710213449989573,0.707700642,0.809014914
0.3,0.9,1.0,0.17207573795620282,0.583698034,1.32876085
0.1,0.6,0.4,0.17221524833084997,0.804342758,0.986814519
0.2,1.0,0.8,0.17259945284948866,0.051657979,0.770921911
1.0,1.0,0.7,0.1731154059895526,0.324726994,1.226517966
0.4,0.4,0.7,0.1731251486093464,0.562666626,1.401352115
0.5,0.1,0.7,0.17323724174131228,0.397718397,1.380725969
0.5,0.6,0.8,0.1733191751793218,0.154708534,1.423072543
0.1,0.3,0.6,0.17345831421173324,0.033375257,1.381231669
1.0,0.4,0.7,0.17405390898929896,0.141195273,1.507451627
0.1,0.9,1.0,0.17428565673951976,0.040956401,0.659800954
0.8,0.1,0.9,0.17435252170009172,0.171396606,0.97731202
0.7,0.7,0.9,0.17444507558257477,0.175822674,0.942148678
0.4,0.9,0.9,0.17451258087321384,0.166994059,0.978956085
0.7,0.4,0.1,0.1745576673272754,0.275265755,0.799732414
0.0,0.6,0.7,0.1746547886119197,0.666626059,1.448784769
0.0,0.9,0.9,0.17466772822914117,0.208139584,0.903025203
0.6,0.2,0.9,0.17482512128214242,0.204873362,0.905388229
0.9,0.8,0.9,0.17486285427421422,0.18380796,0.94248413
0.9,0.9,0.9,0.17509689526299946,0.209149081,0.902706703
0.2,0.2,0.9,0.1752101851921291,0.185851821,0.942585023
0.8,0.2,0.9,0.17521273258543427,0.190616183,0.942148969
0.4,0.6,0.8,0.1753388667619053,0.132785234,1.166377869
0.8,0.9,0.7,0.17536448880956643,0.330036482,1.286431185
0.5,0.6,0.9,0.17542515812513998,0.181939611,0.943535431
0.4,0.8,0.9,0.1757472873544682,0.185800847,0.943593034
0.2,0.4,0.6,0.17644777867475292,0.200526263,1.47354716
0.7,0.6,0.9,0.17645821645296703,0.191141704,0.94292845
0.7,0.6,0.6,0.17670134320748862,0.020799637,1.379201278
0.1,0.6,0.9,0.17740632468143153,0.183916638,1.352367262
0.4,0.7,0.8,0.17755187553685742,0.139385889,1.508377482
0.7,0.5,0.7,0.17756316228096145,0.420699429,1.404672425
0.5,0.0,0.9,0.17800139975461934,0.24221283,1.41759975
0.6,0.0,0.3,0.1785445919531644,0.589975751,1.320910393
0.5,0.1,0.2,0.17887298954990896,0.003043493,1.372596425
0.2,0.0,0.1,0.179353612188884,0.686277736,0.702268578
0.2,0.7,0.4,0.17940276051629134,0.573564064,1.295109062
0.1,0.7,0.7,0.17962924344027556,0.609084757,1.502030475
0.9,0.4,0.9,0.1800722794780074,0.14648886,1.470692701
1.0,1.0,0.2,0.18025131655114812,0.46887573,1.496154548
0.5,0.9,0.7,0.18040021406874038,0.110324208,1.323014955
0.7,1.0,0.7,0.18043268690071132,0.49282932,1.547927022
0.3,0.3,1.0,0.18066009811067263,0.392483108,1.031011711
0.0,0.9,0.7,0.1807897308732037,0.579306306,1.472191705
0.0,0.2,0.4,0.18135907864247017,0.776504004,0.820539222
1.0,0.8,0.4,0.18139470865730115,0.551377667,1.258514638
0.1,0.1,0.7,0.18143188343176547,0.789913016,1.428193184
0.1,0.1,0.9,0.1815683263796977,0.485281803,0.895754953
0.1,0.4,0.7,0.18177489515658563,0.569772893,1.452603002
0.2,0.8,0.6,0.18177621883759543,0.242717248,1.481530764
0.2,0.4,0.8,0.1818578295546379,0.375575314,0.801194646
0.4,0.3,0.9,0.18186481548476924,1.340126709,1.340126709
0.1,1.0,0.6,0.18228343997961285,0.09707021,1.378939102
0.2,0.7,0.7,0.18280725660170838,0.485850501,1.47342622
0.5,0.1,0.3,0.18289089191404642,1.120703709,1.203865993
0.9,0.8,0.8,0.1829540514396771,0.093220512,1.254460463
0.8,0.0,0.9,0.18340181450507181,0.010499365,0.9476756
0.1,0.8,0.7,0.1842849790076354,0.510885328,1.487405047
0.9,0.3,0.8,0.1843574286290292,0.068303629,1.357587728
0.5,0.8,0.2,0.18436301831549798,0.994548148,0.99749216
0.2,0.9,0.1,0.18484477473554262,0.586492703,0.762294965
0.0,0.8,1.0,0.18485567671209882,1.368600776,1.368600776
0.3,0.4,0.4,0.1850057539116354,1.206996506,1.5278705
0.3,0.5,0.7,0.1850815161089122,0.488479288,1.505758156
0.0,0.1,1.0,0.18508457633441808,0.067185248,1.328177241
0.8,0.9,0.9,0.1852854311259056,0.040621714,0.965659066
0.3,0.5,1.0,0.1853867061727936,1.256802326,1.425270127
0.2,1.0,0.6,0.1855662629056898,0.105233097,1.381997785
0.7,0.3,0.1,0.18561562413811572,0.01543977,1.240556246
0.0,0.4,0.7,0.18597706444437812,0.165918194,1.383540748
0.5,0.1,0.9,0.18615194747633246,0.041504787,0.965200826
0.7,0.4,0.9,0.18621222866463297,0.026457454,0.959102714
0.8,0.5,0.3,0.1864136583632995,0.72929673,1.419262463
0.9,0.1,0.6,0.18657711061693766,0.233083136,1.380857769
0.4,0.5,0.9,0.18658160368044877,0.357366303,1.379685595
0.5,0.2,0.9,0.1866414988433097,0.95067367,1.32880599
1.0,0.1,0.2,0.18764022341144437,0.111474018,1.252793133
0.5,0.0,0.2,0.1878226371282091,0.056701958,1.244503351
1.0,0.6,1.0,0.18799319935288833,1.290128725,1.443145717
0.5,0.5,0.8,0.18848464612245888,0.233950332,1.39935019
0.8,0.8,0.1,0.18878080202528774,0.381485644,1.108728254
0.9,0.5,0.9,0.1887953417089244,0.003175299,0.95002162
0.5,1.0,0.1,0.18964914249781237,0.7517704,1.514469669
0.1,0.9,0.7,0.18986971672321917,0.157941186,1.383491251
0.6,0.9,0.2,0.19072327761363256,0.193229119,1.25887744
0.0,0.4,0.4,0.191151431385333,0.088596584,1.287214234
0.0,0.1,0.9,0.1911546552563561,0.040452687,0.942849507
0.8,0.1,0.2,0.1915205914048521,0.053895068,1.313509855
0.1,0.7,0.2,0.19203352643009058,0.065070049,1.277267865
1.0,0.8,0.1,0.19233082006806326,0.405030054,1.168301531
0.4,0.3,0.8,0.19310282025466383,0.371144188,0.981695945
0.0,0.0,0.9,0.1932076451371668,0.109615733,0.960776337
1.0,0.7,1.0,0.19327359346355957,1.391302463,1.391302463
0.8,0.5,0.8,0.1932873017370674,0.039557644,0.977407928
0.8,0.4,0.9,0.19375025484730535,0.649369642,1.070893896
0.3,0.6,0.6,0.1941214723104578,0.095566418,1.329847509
0.4,0.9,0.1,0.19453897255178937,0.63707657,0.711802173
0.3,0.5,0.4,0.19502557727609304,0.955438001,1.512175785
0.5,0.3,0.1,0.1950857461159799,0.19988578,1.320465602
0.5,1.0,1.0,0.19510943122150554,0.342104434,1.369028101
1.0,0.9,0.8,0.1955015711391459,0.184091345,1.063986028
0.1,1.0,0.2,0.19562661031676387,0.145993471,1.322126269
0.6,0.8,0.9,0.19564856296010102,0.821593212,1.147714494
0.5,0.4,0.6,0.196014826803387,0.21637275,1.525294025
0.4,1.0,0.8,0.19632634006016633,0.005987154,1.073828255
0.7,0.1,0.7,0.1969908821464342,0.509975246,1.203779651
0.8,1.0,0.4,0.19727245184486442,0.816350489,0.873538211
0.4,0.6,0.9,0.19798854256006282,0.04699296,0.95637972
1.0,0.6,0.8,0.19800369144533175,0.591482694,1.372362493
0.5,0.3,0.8,0.1980241343817442,0.283084413,0.987318181
0.6,0.7,0.7,0.19802852139897661,0.292464183,1.373842266
0.8,0.1,0.1,0.19814869880205688,0.28229569,1.232814164
0.6,0.2,1.0,0.19843231312807807,0.434767993,0.846672451
0.3,0.2,0.8,0.19847663201868915,0.081394262,1.359664926
0.1,0.4,0.6,0.19858949813006918,0.31770285,1.291126206
0.5,0.6,0.5,0.19879147659421292,0.509041369,1.518902798
0.3,0.5,0.9,0.19906557735718217,0.206207074,1.319048551
1.0,0.6,0.2,0.19915246776564785,0.094289972,1.295275707
0.7,1.0,0.2,0.19953952793463559,0.273615442,0.891532645
0.9,0.2,0.8,0.19971982746944722,0.260674262,1.074160313
0.6,0.9,1.0,0.19992931031817956,1.200564339,1.200564339
0.8,0.4,0.8,0.2000375539327758,0.226943077,1.081881803
0.4,0.4,0.1,0.20004754700990698,0.32584984,0.773109458
0.7,0.0,1.0,0.2004388362886834,0.356140069,1.042431427
0.3,0.4,0.8,0.20072375765904166,0.012757717,1.434618368
0.5,0.5,0.3,0.20096777436769522,1.422434093,1.422434093
0.0,0.8,0.2,0.20141119477983194,0.032336989,1.291112646
0.4,0.1,0.9,0.20151082681811577,0.822692137,1.356518197
0.6,0.9,0.9,0.20180660889754595,0.567157968,1.115066148
0.3,0.6,1.0,0.20196392482551073,1.44058341,1.44058341
0.5,0.1,0.8,0.2028944937829732,0.292661677,1.091431064
0.6,0.5,0.2,0.20307228008624506,0.393567078,1.137710871
1.0,0.8,1.0,0.20312924430808113,0.391021897,1.383399816
1.0,0.1,0.8,0.20319157789133,0.283319385,0.978142846
0.4,0.2,1.0,0.20344530382080334,0.174939966,1.267614416
0.8,0.0,0.7,0.2038066888087512,0.05321381,1.377640836
0.6,0.3,0.8,0.20411057026167684,0.209963741,1.100560748
0.3,0.9,0.9,0.20422170981412266,0.00961484,1.435369688
0.9,0.0,0.8,0.20441288008452732,0.276994887,1.100242358
1.0,0.4,0.1,0.20520351240224305,0.822254809,1.305810611
0.1,0.9,0.1,0.20549619408594955,0.232292784,1.237569389
0.8,0.3,0.8,0.20555893504053674,0.334249663,1.102618578
0.4,0.0,0.8,0.2056187552685215,0.715519226,1.374188925
0.3,0.9,0.8,0.20669213098098654,0.501651826,1.079352506
0.1,0.1,0.6,0.20696239525308366,0.712607435,1.490332547
0.0,0.6,0.5,0.2072213153240215,0.352355777,1.35292557
1.0,0.6,0.1,0.20741373301776864,0.750592347,0.759259473
0.1,0.2,0.8,0.2077946414532806,0.015538587,1.120576957
0.6,0.2,0.8,0.208081636646668,0.0139032,1.120962641
0.0,0.8,0.8,0.20948137557277055,0.231280721,1.150319408
0.3,0.6,0.4,0.20959810317104083,1.096826997,1.242725019
0.9,0.4,0.8,0.20965008361296258,0.614649152,1.060387217
0.7,1.0,0.8,0.20993736163777355,0.015775381,1.437399607
0.9,0.9,0.8,0.21000642571260264,0.433776434,1.119716338
1.0,0.5,0.4,0.2103075914986752,0.098553223,1.203083423
0.5,0.6,0.4,0.2103475846217763,0.808013237,1.208924081
0.1,0.8,0.8,0.21039889521774705,0.235055158,1.142352834
0.7,0.1,0.8,0.21080862064420286,0.413976883,1.112032016
0.4,0.9,0.8,0.21107708942879014,0.234813378,1.123963006
0.7,0.1,0.4,0.21109475092572208,0.534797336,0.967150212
0.4,0.8,0.8,0.21127721362099455,0.409884288,1.136156799
0.1,0.0,0.8,0.21138576633375383,0.841608454,1.070803153
0.2,0.9,0.8,0.21151783083938883,0.561032893,1.046440076
0.3,0.2,0.3,0.21174377694739452,1.29561055,1.44409457
0.7,0.2,0.8,0.21201876803644829,0.233313321,1.160992756
0.9,0.1,0.5,0.21220965349116555,0.086851362,1.564583474
0.1,0.4,1.0,0.21249228146997579,0.013720836,1.462700047
0.7,0.3,0.8,0.2125494418837603,0.233230416,1.142764708
1.0,0.0,0.8,0.21263729089070546,0.234727542,1.129967143
0.8,0.1,0.8,0.21267242127352565,0.405440523,1.123791268
0.9,0.8,0.5,0.212732282871242,0.029176998,1.559019821
0.6,0.7,0.2,0.21317374051957202,0.350770481,0.875966091
0.7,0.7,0.2,0.21331972073890246,0.070124035,1.185620582
0.2,0.2,0.2,0.21368100158650763,0.443863884,1.117752517
0.8,1.0,0.8,0.21405230175140974,0.235150324,1.130806667
0.1,0.4,0.8,0.2141999753432687,0.235105232,1.148798616
1.0,0.7,0.8,0.21421704033237138,0.66151087,1.044528818
0.3,0.8,0.8,0.21448283583326555,0.236546134,1.167881544
1.0,0.5,0.8,0.21488154487484923,0.237145867,1.135657664
0.8,0.2,0.8,0.2149828598136836,0.235339648,1.149152747
0.9,0.7,0.2,0.2151850007816156,0.060968925,1.203463348
0.8,0.2,1.0,0.21583466218908867,0.446381502,1.324024246
0.8,0.6,0.1,0.216017593322621,0.251063313,1.228734839
0.8,0.7,0.8,0.21605531929876257,0.235892272,1.151692115
0.3,0.5,0.2,0.21609837494442755,0.197601588,1.290823369
0.1,1.0,0.4,0.21625421902315675,0.022121494,1.269878422
0.0,0.0,0.7,0.2162684440473092,0.404918996,1.520484394
0.3,1.0,0.2,0.21639214680347782,0.261891726,1.002229662
0.1,0.3,0.8,0.21646598294035055,0.238197532,1.158257198
0.0,0.7,0.8,0.21652063035155783,0.238307886,1.175580637
0.5,0.0,0.8,0.21712019598525578,0.237596167,1.175229156
0.9,0.5,0.1,0.217309824363217,0.749191216,1.205647819
0.9,0.1,0.8,0.2174727024412317,0.2363259,1.155028165
0.4,0.6,0.2,0.21769242910134304,0.362404066,1.243563481
0.5,0.9,0.8,0.21776332582855923,0.232813968,1.188867904
0.7,0.6,0.8,0.21790559256175168,0.237828223,1.156877056
0.2,1.0,0.1,0.21806836362137272,0.551212113,1.440177499
0.0,0.3,0.8,0.21832793499120107,0.233495563,1.192188234
0.0,0.4,0.8,0.21849337159204882,0.232596944,1.19080167
0.7,0.3,0.3,0.21870503866902358,1.252619315,1.32354373
0.2,0.2,0.7,0.2187228411485252,0.836661042,1.546507674
0.0,0.0,0.8,0.2188757533823135,0.241143583,1.184653743
0.0,0.6,0.2,0.21900167887813224,0.24787145,1.043193521
0.3,0.3,0.8,0.2190680269049322,0.2391034,1.176967967
1.0,0.3,0.8,0.21909493786607565,0.233714334,1.193198769
0.8,0.3,0.9,0.21910035313055343,0.520790425,1.417423914
0.5,0.3,0.2,0.2191654350605015,0.381046431,0.868832142
0.2,0.1,0.8,0.2192438941639522,0.238483791,1.176915712
0.3,0.1,0.8,0.21930221367399033,0.237366019,1.159207286
0.5,0.8,0.8,0.2196839261204925,0.240115131,1.186995039
0.2,0.3,0.8,0.2196974968170459,0.239629627,1.183801696
0.6,0.6,0.1,0.21973558269555368,0.149276795,1.126030527
0.1,0.9,0.8,0.21988490490471366,0.236481461,1.20284798
0.9,0.3,0.1,0.22021902818242914,0.22276339,1.120296871
0.2,0.8,0.8,0.22024056599590447,0.240200379,1.167974787
0.0,0.2,0.6,0.22025524673072452,0.525509114,1.1149458
0.0,0.2,0.8,0.2203656127084448,0.240003309,1.208703937
0.1,1.0,0.8,0.22049061005292764,0.240593308,1.188498687
0.3,0.5,0.8,0.22049173612345774,0.240470968,1.209383658
1.0,0.8,0.8,0.22091039504303595,0.505678916,1.029547027
0.2,0.6,0.8,0.2211325351447443,0.930925204,1.05271836
0.1,1.0,0.9,0.22124951792453254,0.940987557,1.409143545
0.8,0.8,0.4,0.22131332278447693,0.623035839,1.145481147
0.8,0.4,1.0,0.22208689143759128,0.328189759,1.326860651
0.5,1.0,0.8,0.22242434849739146,0.243439227,1.176679251
0.4,0.5,0.8,0.22244294133283715,0.243994217,1.177743069
0.5,0.2,0.8,0.22269065898048077,0.244401795,1.178785315
0.8,0.6,0.8,0.22269539178714617,0.434174666,0.969580036
0.6,0.2,0.6,0.2227491461103104,1.082761679,1.382878801
0.7,0.5,0.8,0.2231248508877351,0.244180849,1.182577461
0.1,0.4,0.1,0.22393586108719776,0.267797033,1.319245506
1.0,0.2,0.8,0.22603702955724758,0.628520452,1.036462632
0.1,0.0,0.5,0.22781065866422254,0.062222661,1.41398438
0.7,0.6,0.1,0.22872971177913956,0.246158945,1.154664869
0.6,0.0,0.2,0.22923948691950458,0.238928999,1.182837757
0.2,0.5,0.2,0.23047468422713727,0.531653075,1.250781901
0.1,0.8,0.1,0.23168336475550466,0.126264954,1.296847231
0.4,0.9,0.2,0.23218604305293028,0.727048688,1.292679866
0.4,0.3,0.5,0.23482210005474782,0.709006319,1.552156726
0.7,0.8,0.2,0.2352999509355884,0.259344416,1.225833141
1.0,0.9,0.2,0.23565389590439517,0.259413365,1.23054652
0.6,0.5,0.8,0.23841420051678341,0.119597482,0.899137253
0.4,1.0,0.7,0.2390659005013311,0.394580199,1.530963475
0.3,0.5,0.3,0.23997807269588622,0.173093713,1.541207342
1.0,0.1,1.0,0.24050647537817807,1.263487193,1.275442377
0.5,1.0,0.2,0.24132024931584606,0.258846628,1.129913974
0.0,0.0,0.3,0.2428236984431196,0.990069328,1.525483227
0.7,0.9,0.1,0.24393195890889668,0.072371005,1.304185115
1.0,0.6,0.4,0.24426004654526084,0.310190139,1.290310016
1.0,0.0,1.0,0.2454239743220873,0.652811473,1.296150656
0.7,0.6,0.7,0.2457096176172137,0.083306042,1.36112317
0.7,0.9,0.8,0.24714065207489314,0.946257067,0.946257067
0.2,0.1,1.0,0.24862278778543084,0.328592444,1.517859951
0.1,0.3,0.9,0.24969971988374698,1.243228135,1.470270637
0.0,0.0,0.2,0.24976377895506033,0.031503906,0.931554866
0.1,0.5,1.0,0.24999672256855868,0.309331799,1.531481744
0.2,0.2,0.5,0.25146637668485666,0.159903752,1.360831714
1.0,0.4,0.9,0.2535237342182927,0.32601006,1.540866161
0.2,0.7,0.6,0.25382547795401084,0.247718105,1.401524103
0.1,0.3,0.4,0.2538694806843278,0.329886206,1.334787604
0.7,0.5,1.0,0.25400075647314646,1.245001141,1.344697174
0.5,0.9,0.9,0.25941598210384326,0.335009673,1.52673533
0.9,0.9,0.1,0.2597782455459589,0.044344101,0.95749579
1.0,0.0,0.2,0.2598655616445226,0.551183712,1.430799224
0.2,0.9,0.2,0.261022849493514,0.00167943,1.517531012
0.0,0.3,1.0,0.2676902981201716,0.022055972,1.495431044
0.9,0.1,0.2,0.26803880952818243,0.934313765,1.496019549
0.0,0.7,0.9,0.26826828571018524,1.096606543,1.179790648
0.0,0.5,0.5,0.26924501455392186,0.031243615,1.381652151
0.0,0.9,0.8,0.26951886810740755,0.988437256,1.422661269
0.7,0.5,0.9,0.2705765827249915,0.385395212,1.495367964
0.8,0.0,0.5,0.2708766683904717,1.148035582,1.41651918
0.2,0.9,0.5,0.2717397872226645,1.130100035,1.418484208
0.8,0.7,0.5,0.27248605743205834,0.038819714,1.3813613
0.9,0.0,0.1,0.2741124210885758,0.089281133,1.295258566
0.3,0.1,1.0,0.2747937071621449,0.371945453,1.304271096
0.8,0.1,0.5,0.2749648234616122,0.107668397,1.381757625
0.6,0.4,0.5,0.27592358480981033,0.914978251,1.367142304
0.7,0.3,0.5,0.27733485316641576,0.01170962,1.400511175
0.5,0.2,0.3,0.27897562124196945,1.282267106,1.34098706
0.1,0.1,0.3,0.2793880878750546,0.403309772,1.293210587
0.7,0.1,0.5,0.28046443779801145,0.464959835,1.473704376
0.7,0.9,0.3,0.2816383164801492,0.413012607,1.332841831
0.9,0.0,0.5,0.2825577824811466,0.1036224,1.405023084
0.9,0.0,0.3,0.2835284616531093,0.74624119,1.536456602
1.0,0.8,0.9,0.2854581091552101,0.536349833,1.483567569
0.8,0.3,0.6,0.287928533310803,0.782471693,1.504702256
0.6,1.0,0.6,0.288577255931746,0.488799893,1.527053656
0.3,0.0,0.5,0.2890475613269291,0.559806141,1.480605878
0.2,0.9,0.3,0.28926750456663375,0.610514516,1.438744641
1.0,0.5,0.6,0.289510113898372,0.895630098,1.487503432
0.9,0.3,0.7,0.28953640697842997,0.49627906,1.513853884
0.0,0.5,0.6,0.29050848225843096,0.794916209,1.466769888
0.9,0.8,1.0,0.2905571528281356,0.787047989,1.423691899
0.6,0.1,0.6,0.2924858126193784,0.630572768,1.553177876
0.2,0.9,1.0,0.2944945555483111,0.692880642,1.526720189
0.2,0.7,1.0,0.2951636610463816,0.73515009,1.459676314
0.2,0.6,0.9,0.29523075574647367,1.070528873,1.176834279
0.4,0.7,0.3,0.29633187322403143,0.588403124,1.352428104
0.9,0.8,0.3,0.2975775693235335,0.4046162,1.515078163
0.8,0.6,0.2,0.308485372831965,0.616252707,1.34081953
0.9,0.4,1.0,0.30952581693981335,0.932357887,1.173877905
0.3,0.0,0.2,0.31186082831647144,0.589023809,1.412907722
1.0,0.3,1.0,0.3118885991835406,0.004981942,1.279766373
0.3,0.1,0.3,0.3131044855625575,1.047652759,1.53196625
0.5,0.6,0.3,0.31387421611673866,1.037940482,1.520044442
1.0,0.8,0.3,0.31403160704343097,1.036204094,1.519517576
0.7,0.2,0.3,0.3178587374118997,0.978979577,1.550614574
0.6,0.8,0.8,0.32434039321321434,1.163236489,1.479264266
0.0,0.7,0.5,0.35067185731540695,0.833413139,1.48282178
1.0,0.7,0.2,0.3528691980121441,0.878102937,1.518364776
0.4,0.8,0.1,0.36392684034155304,1.144830874,1.183838453
0.7,0.9,0.5,0.3680095438636471,0.10954534,1.524138232
